hanja,initial,medial,final,hangul,tone
箇,k,ai,,개,H
我,,ai,,애,R
左,ts,wa,,좌,R
佐,ts,wa,,좌,R
多,t,a,,다,L
他,tʰ,a,,타,L
拖,tʰ,a,,타,R
駝,tʰ,a,,타,L
陀,t,a,,다,L
陀,tʰ,a,,타,L
鮀,tʰ,a,,타,L
駄,tʰ,a,,타,L
跎,tʰ,a,,타,L
酡,tʰ,a,,타,L
舵,tʰ,a,,타,R
爹,t,a,,다,L
大,t,a,,다,
挪,n,a,,나,L
儺,n,a,,나,L
那,n,a,,나,L
羅,r,a,,라,R
蘿,r,a,,라,L
鑼,r,a,,라,L
籮,r,a,,라,L
左,ts,a,,자,R
佐,ts,a,,자,
搓,tsʰ,a,,차,L
蹉,tsʰ,a,,차,L
磋,tsʰ,a,,차,L
鹺,ts,a,,자,L
咱,ts,a,,자,L
娑,s,a,,사,L
挱,s,a,,사,L
歌,k,a,,가,L
哥,k,a,,가,L
柯,k,a,,가,L
珂,k,a,,가,L
可,k,a,,가,R
坷,k,a,,가,R
蛾,,a,,아,L
鵝,,a,,아,L
莪,,a,,아,L
峨,,a,,아,L
我,,a,,아,R
餓,,a,,아,R
呵,h,a,,하,
訶,h,a,,하,L
河,h,a,,하,L
何,h,a,,하,L
荷,h,a,,하,R/L
魺,h,a,,하,L
阿,,a,,아,L
賀,h,a,,하,
阿,,a,,아,L
咱,ts,a,m,잠,R
鹺,s,a,,사,L
羅,r,o,,로,
鑼,r,o,,로,
魔,m,ai,,매,
鎖,s,oi,,쇠,
禾,h,oi,,회,R
矬,ts,wa,,좌,L
矬,tsʰ,wa,,촤,L
坐,ts,wa,,좌,R
剉,tsʰ,wa,,촤,R
座,ts,wa,,좌,R
鎖,s,wa,,솨,R
鍋,k,wa,,과,L
鍋,,wa,,와,L
戈,k,wa,,과,L
堝,k,wa,,과,L
腡,k,wa,,과,L
果,k,wa,,과,R
裹,k,wa,,과,R
菓,k,wa,,과,R
過,k,wa,,과,R/H
科,k,wa,,과,L
窠,k,wa,,과,L
蝌,k,wa,,과,L
課,k,wa,,과,R
騍,k,wa,,과,R
臥,,wa,,와,R
火,h,wa,,화,R
貨,h,wa,,화,R/H
和,h,wa,,화,L
禾,h,wa,,화,L
禍,h,wa,,화,R
和,h,wa,,화,R/H
㘞,h,wa,,화,R/H
倭,,wa,,와,L
窩,,wa,,와,L
渦,,wa,,와,L
萵,,wa,,와,L
瑣,s,wai,,쇄,
鎖,s,wai,,쇄,
剉,tsʰ,wa,r,촬,
倭,,wai,,왜,
波,p,a,,바,L
波,pʰ,a,,파,L
菠,pʰ,a,,파,L
簸,pʰ,a,,파,R
播,pʰ,a,,파,R/H
坡,pʰ,a,,파,L
玻,pʰ,a,,파,
頗,pʰ,a,,파,R
破,pʰ,a,,파,R
婆,pʰ,a,,파,L
婆,p,a,,바,L
蔢,pʰ,a,,파,R
魔,m,a,,마,L
磨,m,a,,마,L/R
摩,m,a,,마,R
劘,m,a,,마,R
磨,m,a,,마,
朵,tʰ,a,,타,H
欝,tʰ,a,,타,R
唾,tʰ,a,,타,
涶,tʰ,a,,타,R
惰,tʰ,a,,타,R
墮,tʰ,a,,타,R
𮃄,tʰ,a,,타,R/H
捼,n,a,,나,L
懦,n,a,,나,R
糯,n,a,,나,R
騾,r,a,,라,R
螺,r,a,,라,L
𥡜,r,a,,라,L
裸,r,a,,라,H
裸,n,a,,나,R
瘰,r,a,,라,L
蓏,r,a,,라,R
銼,tsʰ,a,,차,L
坐,ts,a,,자,
座,ts,a,,자,
蓑,s,a,,사,L
梭,s,a,,사,L
鎖,s,a,,사,
玻,p,o,,보,
騾,r,o,,로,L
鍋,k,o,,고,
貨,h,o,,호,
禾,h,o,,호,
迦,k,a,,가,L
伽,k,a,,가,L
靴,h,wa,,화,L
靴,h,we,,훠,
瘸,k,a,,가,L
霸,pʰ,ai,,패,R
壩,pʰ,ai,,패,R
罵,m,ai,,매,R
乍,s,ai,,새,
巴,p,a,,바,
芭,pʰ,a,,파,L
疤,pʰ,a,,파,L
笆,pʰ,a,,파,L
蚆,pʰ,a,,파,L
把,pʰ,a,,파,R
欛,pʰ,a,,파,R
弝,pʰ,a,,파,R
靶,pʰ,a,,파,R
拿,n,a,,나,L
打,tʰ,a,,타,R
茶,t,a,,다,L
搽,tsʰ,a,,차,L
吒,tʰ,a,,타,
渣,ts,a,,자,L
齇,tsʰ,a,,차,L
皶,ts,a,,자,L
𤹡,tsʰ,a,,차,L
鮓,ts,a,,자,R
蚱,ts,a,,자,R
榨,ts,a,,자,R
炸,ts,a,,자,R
家,k,a,,가,R
加,k,a,,가,R
痂,k,a,,가,R
袈,k,a,,가,R
茄,k,a,,가,R
枷,k,a,,가,R
笳,k,a,,가,R
葭,k,a,,가,R
耞,k,a,,가,R
跏,k,a,,가,
霞,h,a,,하,R
瑕,h,a,,하,R
遐,h,a,,하,R
蝦,h,a,,하,R
鰕,h,a,,하,R
鴉,,a,,아,L
瘂,,a,,아,R
亞,,a,,아,R
椵,t,a,n,단,R
叉,tsʰ,a,r,찰,
渣,s,a,,사,L
詐,s,ai,,새,
詐,s,a,,사,R
葩,pʰ,a,,파,L
舥,pʰ,a,,파,L
怕,pʰ,a,,파,R
帕,pʰ,a,,파,L
爬,pʰ,a,,파,L
琶,pʰ,a,,파,L
琶,p,a,,바,L
杷,pʰ,a,,파,L
麻,m,a,,마,L
蟆,m,a,,마,L
馬,m,a,,마,R
碼,m,a,,마,R
瑪,m,a,,마,R
螞,m,a,,마,R
罵,m,a,,마,R
叉,tsʰ,a,,차,L
杈,tsʰ,a,,차,L
差,tsʰ,a,,차,L
靫,tsʰ,a,,차,L
岔,tsʰ,a,,차,R
汊,tsʰ,a,,차,L
查,s,a,,사,
槎,s,a,,사,L
乍,s,a,,사,R
沙,s,a,,사,L
紗,s,a,,사,L
砂,s,a,,사,L
裟,s,a,,사,L
鯊,s,a,,사,L
假,k,a,,가,R
斝,k,a,,가,R
椵,k,a,,가,R
架,k,a,,가,R
駕,k,a,,가,R
嫁,k,a,,가,R
稼,k,a,,가,R
價,k,a,,가,R
賈,k,a,,가,R
牙,,a,,아,R
芽,,a,,아,R
衙,,a,,아,R
雅,,a,,아,R
砑,,a,,아,R
下,h,a,,하,R
夏,h,a,,하,R
廈,h,a,,하,R
罅,h,a,,하,R
暇,k,a,,가,R
樝,ts,ja,,쟈,L/R
紗,s,ja,,샤,
家,k,ja,,갸,
牙,,ja,,야,
假,k,ja,,갸,
架,k,ja,,갸,
下,s,ja,,샤,
鴉,,ja,,야,
瓜,k,oi,,괴,
葰,s,a,,사,
傻,s,a,,사,
檛,ts,wa,,좌,R
簻,ts,wa,,좌,
撾,ts,wa,,좌,
髽,ts,wa,,좌,
耍,s,wa,,솨,R
瓜,k,wa,,과,L
蝸,k,wa,,과,L
騧,,wa,,와,L
寡,k,wa,,과,R
銙,k,wa,,과,R
胯,k,wa,,과,R
袴,k,wa,,과,R
瓦,,wa,,와,R
𡧗,,wa,,와,R
花,h,wa,,화,L
譁,h,wa,,화,
化,h,wa,,화,R
華,h,wa,,화,L
鏵,h,wa,,화,L
踝,k,wa,,과,R
華,h,wa,,화,R
樺,h,wa,,화,R
擭,h,wa,,화,R
蛙,,wa,,와,L
窪,,wa,,와,L
搲,,wa,,와,L
撾,k,wa,,과,L/R
借,tsʰ,ja,,챠,R
且,tsʰ,ja,,챠,R./H
藉,ts,ja,,쟈,R
褯,ts,ja,,쟈,R
褯,tsʰ,ja,,챠,R
些,s,ja,,샤,
邪,s,ja,,샤,L
寫,s,ja,,샤,R
䥱,s,ja,,샤,R
瀉,s,ja,,샤,R
卸,s,ja,,샤,R
謝,s,ja,,샤,R
遮,tsʰ,ja,,챠,L
者,ts,ja,,쟈,H
赭,ts,ja,,쟈,R
蔗,ts,ja,,쟈,
這,ts,ja,,쟈,
柘,ts,ja,,쟈,R
炙,ts,ja,,쟈,R/H
車,tsʰ,ja,,챠,L
硨,tsʰ,ja,,챠,
蛇,s,ja,,샤,L
射,s,ja,,샤,R
麝,s,ja,,샤,R
奢,s,ja,,샤,L
賒,s,ja,,샤,L
捨,s,ja,,샤,R
赦,s,ja,,샤,R
舍,s,ja,,샤,R
闍,s,ja,,샤,L
闍,ts,ja,,쟈,
社,s,ja,,샤,R
惹,z,ja,,ᅀᅣ,R
耶,,ja,,야,L
爺,,ja,,야,L
邪,,ja,,야,L
也,,ja,,야,R
野,,ja,,야,R
冶,,ja,,야,R
射,,ja,,야,R/H
㖡,,ja,,야,R
罝,ts,je,,져,R
姐,ts,je,,져,R
這,ts,je,,져,R
斜,s,je,,셔,
嗟,tsʰ,a,,차,R
逋,pʰ,o,,포,L
晡,pʰ,o,,포,L
補,p,o,,보,R
圃,p,o,,보,R
圃,pʰ,o,,포,H
布,p,o,,보,R
圃,pʰ,o,,포,H
普,p,o,,보,R
溥,p,o,,보,R
浦,p,o,,보,R
怖,pʰ,o,,포,R
蒲,pʰ,o,,포,L
菩,p,o,,보,L
葡,pʰ,o,,포,L
都,t,o,,도,L
睹,t,o,,도,H
賭,t,o,,도,R/L
覩,t,o,,도,R
土,tʰ,o,,토,R/L
吐,tʰ,o,,토,H
菟,tʰ,o,,토,H
兔,tʰ,o,,토,H
徒,t,o,,도,L
屠,t,o,,도,L
途,t,o,,도,L
塗,t,o,,도,L
圖,t,o,,도,L
度,t,o,,도,R/H
奴,n,o,,노,L
孥,n,o,,노,L
努,n,o,,노,
弩,r,o,,로,R
怒,n,o,,노,R
怒,n,o,,노,R
盧,r,o,,로,L
艫,r,o,,로,L
爐,r,o,,로,L
蘆,r,o,,로,L
轤,r,o,,로,L
顱,r,o,,로,L
鱸,r,o,,로,L
纑,r,o,,로,L
租,ts,o,,조,L/R/H
祖,ts,o,,조,H
粗,ts,o,,조,L
醋,ts,o,,조,
醋,tsʰ,o,,초,R
措,ts,o,,조,R/L
厝,ts,o,,조,L
錯,ts,o,,조,R
粗,ts,o,,조,R
阼,ts,o,,조,R
祚,ts,o,,조,R
蘇,s,o,,소,L
甦,s,o,,소,L
酥,s,o,,소,L
姑,k,o,,고,L
孤,k,o,,고,L
箍,k,o,,고,L
沽,k,o,,고,L
觚,k,o,,고,L
辜,k,o,,고,L
蛄,k,o,,고,L
菇,k,o,,고,L
古,k,o,,고,R
估,k,o,,고,
股,k,o,,고,R/H
鼓,k,o,,고,H
賈,k,o,,고,R
羖,k,o,,고,R
瞽,k,o,,고,H
蠱,k,o,,고,R/H
罟,k,o,,고,R/H
𦍩,k,o,,고,R
故,k,o,,고,R/H
固,k,o,,고,R/H
錮,k,o,,고,R
呼,h,o,,호,L
戲,h,o,,호,L
虎,h,o,,호,R
琥,h,o,,호,R
戽,h,o,,호,R
胡,h,o,,호,L
湖,h,o,,호,L
醐,h,o,,호,L
狐,h,o,,호,L
瑚,h,o,,호,L
壺,h,o,,호,L
乎,h,o,,호,L
弧,h,o,,호,L
糊,h,o,,호,L
烏,,o,,오,L
嗚,,o,,오,L
杇,,o,,오,L
於,,o,,오,L
洿,,o,,오,L
𦶀,,o,,오,L
惡,,o,,오,R
姥,k,i,,기,
媽,m,a,,마,R
䎸,,e,,어,R
布,pʰ,o,,포,R
蒱,pʰ,o,,포,L
步,p,o,,보,R
捗,p,o,,보,R
捕,p,o,,보,H
鞴,p,o,,보,R
哺,p,o,,보,R
哺,pʰ,o,,포,R
酺,pʰ,o,,포,R
模,m,o,,모,L
氁,m,o,,모,L
莽,m,o,,모,R
姥,m,o,,모,R
暮,m,o,,모,R
慕,m,o,,모,R
莫,m,o,,모,R
渡,t,o,,도,R
鍍,t,o,,도,R
鸕,r,o,,로,L
攎,r,o,,로,L
𤬛,r,o,,로,L
魯,r,o,,로,H
艪,n,o,,노,H
櫓,r,o,,로,H
虜,r,o,,로,H
鹵,r,o,,로,H
滷,r,o,,로,H
路,r,o,,로,R/H
露,r,o,,로,R/H
鷺,r,o,,로,R/H
輅,r,o,,로,H
櫯,s,o,,소,L
素,s,o,,소,R
訴,s,o,,소,R
塑,s,o,,소,R/H
嗉,s,o,,소,R
愬,s,o,,소,L
雇,k,o,,고,R
顧,k,o,,고,R
枯,k,o,,고,L/H
苦,k,o,,고,H
庫,k,o,,고,H
袴,k,o,,고,R
吳,,o,,오,L
蜈,,o,,오,L
吾,,o,,오,L
梧,,o,,오,L
鼯,,o,,오,L
五,,o,,오,R
伍,,o,,오,R
午,,o,,오,R
誤,,o,,오,R
忤,,o,,오,R
悟,,o,,오,R
寤,,o,,오,R
捂,,o,,오,L
䎸,,o,,오,R
瓠,h,o,,호,L
猢,h,o,,호,L
箶,h,o,,호,L
衚,h,o,,호,L
鬍,h,o,,호,L
鶘,h,o,,호,L
戶,h,o,,호,R
簄,h,o,,호,R
互,h,o,,호,R
護,h,o,,호,R
枑,h,o,,호,R
污,,o,,오,R
賂,r,oi,,뢰,R
鋪,pʰ,u,,푸,L
鋪,p,u,,부,H
簿,p,u,,부,R
埠,p,u,,부,R
妬,tʰ,u,,투,R/H
蠧,t,u,,두,H
圖,tʰ,u,,투,
杜,t,u,,두,R/H
肚,t,u,,두,H
做,ts,u,,주,R
麄,tsʰ,u,,추,
酥,s,u,,수,
苦,k,u,,구,
護,h,u,,후,
墓,m,jo,,묘,R
楮,t,a,k,닥,
女,n,je,,녀,H
廬,r,je,,려,L
驢,r,je,,려,L
閭,r,je,,려,L
呂,r,je,,려,R
旅,r,je,,려,R
侶,r,je,,려,R
膂,r,je,,려,R
蛆,ts,je,,져,L
蛆,ts,je,,져,L
疽,ts,je,,져,L
沮,ts,je,,져,L
雎,ts,je,,져,L
鴡,ts,je,,져,L
沮,ts,je,,져,R
徐,s,je,,셔,R/L
絮,s,je,,셔,R
序,s,je,,셔,R
敍,s,je,,셔,R
緒,s,je,,셔,R
嶼,s,je,,셔,R
芧,s,je,,셔,R
漵,s,je,,셔,R
瀦,t,je,,뎌,L
著,t,je,,뎌,R
樗,t,je,,뎌,L
摴,t,je,,뎌,L
楮,t,je,,뎌,R
除,t,je,,뎌,L
儲,t,je,,뎌,L
苧,t,je,,뎌,R
諸,ts,je,,져,L
渚,ts,je,,져,R
處,tsʰ,je,,쳐,R
杵,ts,je,,져,R
處,tsʰ,je,,쳐,R
抒,s,je,,셔,R
書,s,je,,셔,L
舒,s,je,,셔,L
鵨,s,je,,셔,L
暑,s,je,,셔,R
鼠,s,je,,셔,R
黍,s,je,,셔,R
𧑓,s,je,,셔,R
庶,s,je,,셔,R
恕,s,je,,셔,R
墅,s,je,,셔,R
去,k,je,,겨,R/H
語,,je,,여,
余,,je,,여,L
餘,,je,,여,L
鸒,,je,,여,L
輿,,je,,여,L
與,,je,,여,L
譽,,je,,여,L
蜍,,je,,여,L
歟,,je,,여,L
驢,r,o,,로,
煮,ts,ja,,쟈,R
翥,ts,ja,,쟈,R
攄,tʰ,e,,터,
慮,r,je,,려,R/H
濾,r,je,,려,R
鑢,r,je,,려,R
杼,t,je,,뎌,R
箸,t,je,,뎌,R
筋,t,je,,뎌,R
薯,s,je,,셔,R
曙,s,je,,셔,R
洳,z,je,,ᅀᅧ,L
如,z,je,,ᅀᅧ,L
女,z,je,,ᅀᅧ,R
汝,z,je,,ᅀᅧ,R
予,,je,,여,L
與,,je,,여,R
予,,je,,여,R
譽,,je,,여,R
蕷,,je,,여,R
與,,je,,여,R
鋤,s,e,,서,L
鉏,s,e,,서,
居,k,e,,거,L/R
車,k,e,,거,L
裾,k,e,,거,L
擧,k,e,,거,R
莒,k,e,,거,R
據,k,e,,거,R
鋸,k,e,,거,R
踞,k,e,,거,R/L
佉,k,e,,거,L
袪,k,e,,거,L
去,k,e,,거,R/H
渠,k,e,,거,L
磲,k,e,,거,L
璩,k,e,,거,L
蘧,k,e,,거,L
籧,k,e,,거,L
蕖,k,e,,거,L
巨,k,e,,거,R
拒,k,e,,거,R
炬,k,e,,거,R
苣,k,e,,거,R
距,k,e,,거,R
𦼫,k,e,,거,R
遽,k,e,,거,R
魚,,e,,어,L
漁,,e,,어,L
虛,h,e,,허,L
噓,h,e,,허,
許,h,e,,허,H
飫,,e,,어,L
於,,e,,어,L
語,,e,,어,R
禦,,e,,어,R
圉,,e,,어,R
圄,,e,,어,R
御,,e,,어,R
語,,e,,어,R
馭,,e,,어,R
絮,s,jei,,셰,L
豬,t,jei,,뎨,L
篨,t,jei,,뎨,L
除,t,jei,,뎨,
諸,ts,jei,,졔,L
女,,jei,,예,R
汝,,jei,,예,R
輿,,jei,,예,L
譽,,jei,,예,R/L
預,,jei,,예,R
豫,,jei,,예,R
與,,jei,,예,R
筥,k,ei,,게,R
莒,k,ei,,게,
葅,ts,o,,조,L
阻,ts,o,,조,R/H
俎,ts,o,,조,R/H/L
初,tsʰ,o,,초,L
楚,tsʰ,o,,초,H
礎,tsʰ,o,,초,H
助,ts,o,,조,R/H
梳,s,o,,소,L
疏,s,o,,소,L
疎,s,o,,소,L
蔬,s,o,,소,L
所,s,o,,소,R
疏,s,o,,소,R
疎,s,o,,소,R
𡲰,ts,ju,,쥬,H
瀦,ts,ju,,쥬,
處,tsʰ,ju,,츄,
書,s,ju,,슈,
黍,s,ju,,슈,
娵,tsʰ,jui,,ᄎᆔ,L/R
取,tsʰ,jui,,ᄎᆔ,R
趣,tsʰ,jui,,ᄎᆔ,R
娶,tsʰ,jui,,ᄎᆔ,R
聚,tsʰ,jui,,ᄎᆔ,R
句,k,ui,,귀,
夫,p,u,,부,L
夫,,u,,우,L
膚,p,u,,부,L
瘻,r,u,,루,
趨,tsʰ,u,,추,L
芻,tsʰ,u,,추,L
注,ts,u,,주,R
鑄,ts,u,,주,R
拘,k,u,,구,L
栩,,u,,우,R
毋,m,o,,모,L
甫,p,o,,보,R
脯,pʰ,o,,포,R/L
脯,p,o,,보,R/H
簠,p,o,,보,R
輔,p,o,,보,R
侮,m,o,,모,R
娛,,o,,오,L
迂,,o,,오,L
撫,m,u,,무,R
拊,m,u,,무,R
嫗,k,u,,구,R
父,p,o,,보,R
跗,p,u,,부,L
柎,p,u,,부,L
趺,p,u,,부,L
鈇,p,u,,부,L
府,p,u,,부,H
腑,p,u,,부,
俯,p,u,,부,R
斧,p,u,,부,R
付,p,u,,부,R
賦,p,u,,부,R
傅,p,u,,부,R/H
敷,p,u,,부,L
俘,p,u,,부,L
桴,p,u,,부,L
郛,p,u,,부,L
稃,p,u,,부,L
莩,p,u,,부,L
筟,p,u,,부,L
麩,p,u,,부,L
赴,p,u,,부,R
符,p,u,,부,L
扶,p,u,,부,L
芙,p,u,,부,L
鳧,p,u,,부,L
父,p,u,,부,H
釜,p,u,,부,R/H
腐,p,u,,부,R
附,p,u,,부,R
鮒,p,u,,부,R
駙,p,u,,부,R
無,m,u,,무,L
亡,m,u,,무,L
巫,m,u,,무,L
誣,m,u,,무,L
蕪,m,u,,무,L
毋,m,u,,무,L
武,m,u,,무,R
舞,m,u,,무,R/H
鵡,m,u,,무,R
憮,m,u,,무,R
廡,m,u,,무,R/L
務,m,u,,무,R
霧,m,u,,무,R
縷,r,u,,루,R
褸,r,u,,루,R
屢,r,u,,루,R
足,ts,u,,주,R
雛,tsʰ,u,,추,L
數,s,u,,수,R
註,ts,u,,주,R
炷,ts,u,,주,R
駒,k,u,,구,L
俱,k,u,,구,L
矩,k,u,,구,R
句,k,u,,구,R/H
驅,k,u,,구,L
瞿,k,u,,구,
衢,k,u,,구,L
劬,k,u,,구,L
癯,k,u,,구,L
臞,k,u,,구,L
蠷,k,u,,구,L
具,k,u,,구,R
懼,k,u,,구,R
愚,,u,,우,L
虞,,u,,우,L
酗,h,u,,후,R
于,,u,,우,L
盂,,u,,우,L
雩,,u,,우,L
芋,,u,,우,L
雨,,u,,우,R
宇,,u,,우,R
禹,,u,,우,R
羽,,u,,우,R
芋,,u,,우,R
隅,,u,,우,L
遇,,u,,우,R
寓,,u,,우,R
取,tsʰ,ju,,츄,R
須,s,ju,,슈,L
鬚,s,ju,,슈,L
誅,t,ju,,듀,L
蛛,t,ju,,듀,L
株,t,ju,,듀,L
拄,t,ju,,듀,R
廚,t,ju,,듀,L
幮,t,ju,,듀,L
柱,t,ju,,듀,R
住,t,ju,,듀,R/H
毹,s,ju,,슈,
朱,ts,ju,,쥬,L
珠,ts,ju,,쥬,L
主,ts,ju,,쥬,H
蛀,ts,ju,,쥬,H
樞,tsʰ,ju,,츄,L
輸,s,ju,,슈,L
戍,s,ju,,슈,H
殊,s,ju,,슈,L
銖,s,ju,,슈,L
豎,s,ju,,슈,H
樹,s,ju,,슈,H
儒,z,ju,,ᅀᅲ,L
乳,z,ju,,ᅀᅲ,R
孺,z,ju,,ᅀᅲ,R
𣂏,k,ju,,규,L
榆,,ju,,유,L
愉,,ju,,유,L
諛,,ju,,유,R
臾,,ju,,유,L
踰,,ju,,유,L
窬,,ju,,유,L
瘉,,ju,,유,L
愈,,ju,,유,R
庾,,ju,,유,R
癒,,ju,,유,R
喻,,ju,,유,R
裕,,ju,,유,R
戴,t,əi,,ᄃᆡ,R/H
胎,tʰ,əi,,ᄐᆡ,L
台,tʰ,əi,,ᄐᆡ,L
態,tʰ,əi,,ᄐᆡ,R
貸,t,əi,,ᄃᆡ,R
臺,t,əi,,ᄃᆡ,L
苔,tʰ,əi,,ᄐᆡ,L
炱,tʰ,əi,,ᄐᆡ,L
擡,t,əi,,ᄃᆡ,L
擡,tʰ,əi,,ᄐᆡ,L
待,t,əi,,ᄃᆡ,R
怠,tʰ,əi,,ᄐᆡ,R/L
殆,tʰ,əi,,ᄐᆡ,R/L
代,t,əi,,ᄃᆡ,R
袋,t,əi,,ᄃᆡ,R
黛,t,əi,,ᄃᆡ,R
玳,t,əi,,ᄃᆡ,R
來,r,əi,,ᄅᆡ,L
麳,r,əi,,ᄅᆡ,L
災,ts,əi,,ᄌᆡ,L
栽,ts,əi,,ᄌᆡ,L
菑,ts,əi,,ᄌᆡ,L
哉,ts,əi,,ᄌᆡ,L/R
宰,ts,əi,,ᄌᆡ,R
載,ts,əi,,ᄌᆡ,R
𣪮,ts,əi,,ᄌᆡ,R
再,ts,əi,,ᄌᆡ,R
載,ts,əi,,ᄌᆡ,R/L
彩,tsʰ,əi,,ᄎᆡ,
採,tsʰ,əi,,ᄎᆡ,R
綵,tsʰ,əi,,ᄎᆡ,R
菜,tsʰ,əi,,ᄎᆡ,R
才,ts,əi,,ᄌᆡ,L
材,ts,əi,,ᄌᆡ,L
財,ts,əi,,ᄌᆡ,L
裁,ts,əi,,ᄌᆡ,L
在,ts,əi,,ᄌᆡ,R
賽,s,əi,,ᄉᆡ,H
塞,s,əi,,ᄉᆡ,H
該,h,əi,,ᄒᆡ,L
改,k,əi,,ᄀᆡ,R
開,k,əi,,ᄀᆡ,L
咳,h,əi,,ᄒᆡ,R
海,h,əi,,ᄒᆡ,R
醢,h,əi,,ᄒᆡ,R
孩,h,əi,,ᄒᆡ,L
頦,h,əi,,ᄒᆡ,L
哀,,əi,,ᄋᆡ,L
埃,,əi,,ᄋᆡ,L
愛,,əi,,ᄋᆡ,R
猜,s,ɨi,,싀,L
顋,s,ɨi,,싀,L
菜,tsʰ,ɨi,,츼,
哉,ts,ə,,ᄌᆞ,
才,ts,ə,,ᄌᆞ,
纔,ts,ə,,ᄌᆞ,R
賚,r,oi,,뢰,R
歹,t,ai,,대,R
玳,t,ai,,대,
乃,n,ai,,내,R
鼐,n,ai,,내,R
財,tsʰ,ai,,채,
塞,s,ai,,새,H
賽,s,ai,,새,H
概,k,ai,,개,R
愷,k,ai,,개,R
鎧,k,ai,,개,R
磑,k,ai,,개,
慨,k,ai,,개,R
礙,,ai,,애,R
埃,,ai,,애,L
賚,r,oi,,뢰,R
癩,r,wai,,뢔,R
蔡,tsʰ,wai,,쵀,
譮,h,wai,,홰,
頼,r,oi,,뢰,R
瀬,r,oi,,뢰,R
癩,r,oi,,뢰,R
譮,h,oi,,회,
貝,p,əi,,ᄇᆡ,
帶,t,əi,,ᄃᆡ,R
貝,pʰ,ai,,패,R
沛,pʰ,ai,,패,R
太,tʰ,ai,,태,R/H
泰,tʰ,ai,,태,R
汰,tʰ,ai,,태,R
大,t,ai,,대,R/H
大,tʰ,ai,,태,H
鈦,tʰ,ai,,태,R
帶,t,ai,,대,R
奈,n,ai,,내,R
柰,n,ai,,내,R
蔡,tsʰ,ai,,채,R
蓋,k,ai,,개,R
丐,k,ai,,개,R
艾,,ai,,애,R
害,h,ai,,해,R
貝,p,ɨi,,븨,
譮,h,ui,,휘,
癩,n,a,,나,
杯,p,əi,,ᄇᆡ,L
輩,p,əi,,ᄇᆡ,R
背,p,əi,,ᄇᆡ,R
坯,p,əi,,ᄇᆡ,L
醅,p,əi,,ᄇᆡ,L
配,p,əi,,ᄇᆡ,R
培,p,əi,,ᄇᆡ,L
陪,p,əi,,ᄇᆡ,L
賠,p,əi,,ᄇᆡ,L
裴,p,əi,,ᄇᆡ,L
佩,p,əi,,ᄇᆡ,R
背,p,əi,,ᄇᆡ,R
焙,p,əi,,ᄇᆡ,L
倍,p,əi,,ᄇᆡ,R/L
悖,p,əi,,ᄇᆡ,R
梅,m,əi,,ᄆᆡ,L
媒,m,əi,,ᄆᆡ,L
煤,m,əi,,ᄆᆡ,L
玫,m,əi,,ᄆᆡ,
每,m,əi,,ᄆᆡ,L
莓,m,əi,,ᄆᆡ,L
酶,m,əi,,ᄆᆡ,L
每,m,əi,,ᄆᆡ,R
妹,m,əi,,ᄆᆡ,R
黴,m,əi,,ᄆᆡ,L
昧,m,əi,,ᄆᆡ,R/H
對,t,əi,,ᄃᆡ,R
碓,t,əi,,ᄃᆡ,R
隊,t,əi,,ᄃᆡ,
內,n,əi,,ᄂᆡ,R
耒,r,əi,,ᄅᆡ,R
鎚,tʰ,oi,,퇴,L
蓷,tʰ,oi,,퇴,L
煺,tʰ,oi,,퇴,R
腿,tʰ,oi,,퇴,R
退,tʰ,oi,,퇴,R
頹,tʰ,oi,,퇴,L
魋,tʰ,oi,,퇴,L
㿉,tʰ,oi,,퇴,L
餒,n,oi,,뇌,R
餒,r,oi,,뢰,R
雷,r,oi,,뢰,L
擂,r,oi,,뢰,L
催,tsʰ,oi,,최,
崔,tsʰ,oi,,최,L
摧,tsʰ,oi,,최,
榱,tsʰ,oi,,최,L
魁,k,oi,,괴,L
恢,h,oi,,회,L
傀,k,oi,,괴,R
塊,k,oi,,괴,R
灰,h,oi,,회,L
賄,h,oi,,회,R
晦,h,oi,,회,R
悔,h,oi,,회,R
誨,h,oi,,회,R
回,h,oi,,회,L
茴,h,oi,,회,L
槐,k,oi,,괴,L
碓,tʰ,i,m,팀,
焠,s,ju,,슈,H
罍,r,oi,,뢰,L
儡,r,oi,,뢰,R
耒,r,oi,,뢰,R
罪,ts,oi,,죄,R
淬,tsʰ,oi,,최,
迴,h,oi,,회,L
廻,h,oi,,회,L
煨,,oi,,외,L
隈,,oi,,외,L
偎,,oi,,외,L
倍,pʰ,ai,,패,R
碎,s,ai,,새,
碎,s,wai,,쇄,
塊,kʰ,wai,,쾌,
背,p,ɨi,,븨,
瑁,m,ɨi,,믜,
磑,,ɨi,,의,R
桅,,ui,,위,L
淬,s,ui,,쉬,
焠,s,ui,,쉬,
盔,kʰ,ui,,퀴,
回,h,ui,,휘,
盔,k,u,,구,
最,tsʰ,oi,,최,R
檜,h,oi,,회,R
儈,h,oi,,회,R
膾,h,oi,,회,R
外,,oi,,외,R
會,h,oi,,회,R
繪,h,oi,,회,R
𧬨,h,wai,,홰,
噦,h,wai,,홰,
翽,h,wai,,홰,
憊,p,ɨi,,븨,R
豺,s,ɨi,,싀,L
排,p,əi,,ᄇᆡ,L
埋,m,əi,,ᄆᆡ,L
霾,m,əi,,ᄆᆡ,L
齋,ts,əi,,ᄌᆡ,L
𪗆,ts,əi,,ᄌᆡ,L
皆,k,əi,,ᄀᆡ,L
稭,k,əi,,ᄀᆡ,L
楷,k,əi,,ᄀᆡ,L
楷,h,əi,,ᄒᆡ,L
痎,h,əi,,ᄒᆡ,L
揩,k,əi,,ᄀᆡ,L
揩,h,əi,,ᄒᆡ,L
鍇,h,əi,,ᄒᆡ,L
騃,,əi,,ᄋᆡ,L
骸,h,əi,,ᄒᆡ,L
駭,h,əi,,ᄒᆡ,R
殺,s,wai,,쇄,R
拜,p,ai,,배,R
韛,pʰ,ai,,패,R
殺,s,ai,,새,R
楷,k,ai,,개,L
介,k,ai,,개,R
芥,k,ai,,개,R
疥,k,ai,,개,R
㠹,k,ai,,개,R
騃,,ai,,애,L
挨,,ai,,애,L
噫,,ai,,애,R
階,k,jei,,계,L
界,k,jei,,계,R
戒,k,jei,,계,R
誡,k,jei,,계,R
犗,k,jei,,계,R
薤,h,jei,,혜,R
芥,k,je,,겨,
儕,ts,jei,,졔,R
乖,k,oi,,괴,L
怪,k,oi,,괴,R
壞,k,oi,,괴,R
聵,k,oi,,괴,R
懷,h,oi,,회,L
淮,h,oi,,회,L
壞,h,oi,,회,R/L
柴,s,ɨi,,싀,R
買,m,əi,,ᄆᆡ,R
蕒,m,əi,,ᄆᆡ,L
解,h,əi,,ᄒᆡ,R
懈,h,əi,,ᄒᆡ,R
廨,h,əi,,ᄒᆡ,R
鞋,h,əi,,ᄒᆡ,
蟹,h,əi,,ᄒᆡ,R
隘,,əi,,ᄋᆡ,H
派,pʰ,ai,,패,R/H
牌,pʰ,ai,,패,L
篺,pʰ,ai,,패,L
稗,pʰ,ai,,패,R
賣,m,ai,,매,R
嬭,n,ai,,내,R
跐,tsʰ,ai,,채,R
釵,tsʰ,ai,,채,L
灑,s,ai,,새,R
債,tsʰ,ai,,채,H
洒,s,ai,,새,R
街,k,ai,,개,L
涯,,ai,,애,L
崖,,ai,,애,L
睚,,ai,,애,L
矮,,ai,,애,R
債,tsʰ,wai,,쵀,
灑,s,wai,,쇄,R
洒,s,wai,,쇄,R
縰,s,wai,,쇄,R
罷,pʰ,a,,파,R
派,pʰ,a,,파,
釵,tsʰ,a,,차,L
差,tsʰ,a,,차,L
佳,k,a,,가,L
崖,,a,,아,
解,h,a,,하,R
鞋,h,jei,,혜,L
柺,k,wai,,괘,H
拐,k,wai,,괘,H
歪,,wai,,왜,H
畫,h,wa,,화,R
歪,k,oi,,괴,H
敗,pʰ,ai,,패,R
唄,pʰ,ai,,패,
邁,m,ai,,매,
餲,,ai,,애,R
寨,tsʰ,ai,,채,H
蠆,tʰ,ai,,태,R
敗,pʰ,a,,파,R
話,h,wa,,화,R
快,kʰ,wai,,쾌,H
蔽,pʰ,jei,,폐,R
敝,pʰ,jei,,폐,R
弊,pʰ,jei,,폐,R
袂,m,jei,,몌,R
例,r,jei,,례,R
礪,r,jei,,례,R
祭,ts,jei,,졔,R
際,ts,jei,,졔,R
穄,ts,jei,,졔,R
滯,tʰ,jei,,톄,R/H
彘,tʰ,jei,,톄,H
制,ts,jei,,졔,R
製,ts,jei,,졔,R
誓,s,jei,,셰,R
逝,s,jei,,셰,
世,s,jei,,셰,R
勢,s,jei,,셰,R
貰,s,jei,,셰,R
藝,,jei,,예,R
勩,,jei,,예,R
裔,,jei,,예,R
曳,,jei,,예,R
靾,,jei,,예,
厲,r,je,,려,R
勵,r,je,,려,R
癘,r,je,,려,R
礪,r,je,,려,R
誓,s,je,,셔,R
逝,s,je,,셔,R
筮,s,je,,셔,R
噬,s,je,,셔,R
勢,s,je,,셔,R
揭,k,ei,,게,R
偈,k,ei,,게,R
饐,,ei,,에,R
靾,tʰ,jei,,톄,H
毳,tsʰ,jwei,,ᄎᆒ,
贅,tsʰ,jwei,,ᄎᆒ,
歲,s,jei,,셰,R
稅,s,jei,,셰,R
說,s,jei,,셰,R
帨,s,jei,,셰,R
睿,,jei,,예,R
銳,,jei,,예,H
衞,,ui,,위,H
乂,,jei,,예,R
刈,,jei,,예,
蛻,,jei,,예,R
廢,pʰ,jei,,폐,R
肺,pʰ,jei,,폐,R
吠,pʰ,jei,,폐,R
穢,,jei,,예,R
濊,,jei,,예,R
喙,h,wei,,훼,R
顪,h,wei,,훼,
閉,pʰ,jei,,폐,R
嬖,pʰ,jei,,폐,R
陛,pʰ,jei,,폐,R
梐,pʰ,jei,,폐,R
低,t,jei,,뎨,L
堤,t,jei,,뎨,L
羝,t,jei,,뎨,L
底,t,jei,,뎨,R
抵,t,jei,,뎨,R/H
邸,t,jei,,뎨,R
觝,t,jei,,뎨,R
帝,t,jei,,뎨,R
諦,t,jei,,뎨,R
諦,tʰ,jei,,톄,H
蔕,tʰ,jei,,톄,H
蝃,tʰ,jei,,톄,H
嚏,tʰ,jei,,톄,H
體,tʰ,jei,,톄,H
涕,tʰ,jei,,톄,R/H
替,tʰ,jei,,톄,H
涕,tʰ,jei,,톄,R/H
題,t,jei,,뎨,L
提,t,jei,,뎨,L
蹄,t,jei,,뎨,L
啼,t,jei,,뎨,L
稊,t,jei,,뎨,L
綈,t,jei,,뎨,L
荑,t,jei,,뎨,L
踶,t,jei,,뎨,L
泥,n,jei,,녜,H
犁,r,jei,,례,L
梨,r,jei,,례,L
盠,r,jei,,례,L
鸝,r,jei,,례,L
藜,r,jei,,례,L
醴,r,jei,,례,R/H
禮,r,jei,,례,R/H
鱧,r,jei,,례,H
隸,,jei,,예,R
棙,r,jei,,례,R
儷,r,jei,,례,R
荔,r,jei,,례,R
擠,ts,jei,,졔,L
齎,ts,jei,,졔,L
韲,ts,jei,,졔,L
濟,ts,jei,,졔,R
霽,ts,jei,,졔,R
砌,tsʰ,jei,,쳬,R
砌,ts,jei,,졔,R
切,ts,jei,,졔,H
摖,ts,jei,,졔,R
齊,ts,jei,,졔,L
臍,ts,jei,,졔,L
蠐,ts,jei,,졔,L
薺,ts,jei,,졔,L
洗,s,jei,,셰,R
細,s,jei,,셰,R
雞,k,jei,,계,L
鷄,k,jei,,계,L
稽,k,jei,,계,L
笄,k,jei,,계,L
計,k,jei,,계,R
繼,k,jei,,계,R
繫,k,jei,,계,R
髻,k,jei,,계,R
薊,k,jei,,계,H
溪,k,jei,,계,L
繫,k,jei,,계,L
鸂,k,jei,,계,L
啟,k,jei,,계,R/H
稽,k,jei,,계,R
契,k,jei,,계,R
麑,,jei,,예,L
輗,,jei,,예,L
猊,,jei,,예,L
霓,,jei,,예,L
鯢,,jei,,예,
醯,h,jei,,혜,L
兮,h,jei,,혜,L
鼷,h,jei,,혜,
蹊,k,jei,,계,L
系,k,jei,,계,R
翳,,jei,,예,R
曀,,jei,,예,R
齎,ts,əi,,ᄌᆡ,
奚,h,əi,,ᄒᆡ,L
泲,ts,ə,,ᄌᆞ,R
禰,m,jei,,몌,R
禰,m,i,,미,
鱧,tʰ,jei,,톄,H
鞞,p,i,,비,
鼙,p,i,,비,L
撕,s,ɨi,,싀,L
嘶,s,ɨi,,싀,L
涕,t,jei,,뎨,H
遆,t,jei,,뎨,H
鵜,t,jei,,뎨,L
醍,t,jei,,뎨,L
弟,t,jei,,뎨,R
娣,t,jei,,뎨,R
第,t,jei,,뎨,R
悌,t,jei,,뎨,R
弟,t,jei,,뎨,R
娣,t,jei,,뎨,R
逮,t,jei,,뎨,H
禘,t,jei,,뎨,H
髢,tʰ,jei,,톄,R
棣,tʰ,jei,,톄,R/H
羿,,jei,,예,R
詣,,jei,,예,R
睨,,jei,,예,R
低,t,je,,뎌,L
抵,t,je,,뎌,R/H
邸,t,je,,뎌,R
黎,r,je,,려,L
瓈,r,je,,려,
醴,r,je,,려,R
藜,r,je,,려,L
麗,r,je,,려,R
戾,r,je,,려,R
儷,r,je,,려,R
荔,r,je,,려,R
妻,tsʰ,je,,쳐,L
妻,tsʰ,je,,쳐,R
西,s,je,,셔,L
栖,s,je,,셔,L
棲,s,je,,셔,L
犀,s,je,,셔,L
壻,s,je,,셔,R
兮,h,je,,혀,
蓖,p,i,,비,L
篦,p,i,,비,L
螕,p,i,,비,L
鎞,p,i,,비,L
批,pʰ,i,,피,L
迷,m,i,,미,L
米,m,i,,미,R
提,r,i,,리,L
底,t,i,,디,
泥,n,i,,니,L
瓈,r,i,,리,
細,s,i,,시,
圭,k,ju,,규,L
閨,k,ju,,규,L
畦,k,ju,,규,L
攜,h,ju,,휴,
桂,k,jei,,계,R
惠,h,jei,,혜,R
慧,h,jei,,혜,R
褂,kʰ,wai,,쾌,
灑,s,jei,,셰,R
屣,s,jei,,셰,R
此,tsʰ,əi,,ᄎᆡ,H
璽,s,əi,,ᄉᆡ,
屣,s,əi,,ᄉᆡ,R
碑,p,i,,비,L
羆,p,i,,비,L
卑,p,i,,비,L
裨,p,i,,비,L
鈹,pʰ,i,,피,L
屄,p,i,,비,L
俾,p,i,,비,R
髀,p,i,,비,R
離,r,i,,리,L
籬,r,i,,리,L
璃,r,i,,리,L
鱺,r,i,,리,L
刺,tsʰ,i,,치,
漬,ts,i,,지,R
漬,tsʰ,i,,치,R
知,t,i,,디,L
蜘,t,i,,디,L
智,t,i,,디,H
知,t,i,,디,H
巵,ts,i,,지,L
巵,tsʰ,i,,치,L
支,ts,i,,지,L
枝,ts,i,,지,L
肢,ts,i,,지,L
梔,tsʰ,i,,치,L
梔,ts,i,,지,L
搘,ts,i,,지,L
爾,z,i,,ᅀᅵ,R
邇,z,i,,ᅀᅵ,R
枳,k,i,,기,R/H
岐,k,i,,기,L
企,k,i,,기,
技,k,i,,기,R
妓,k,i,,기,R
伎,k,i,,기,R
芰,k,i,,기,R
戲,s,i,,시,
移,,i,,이,L
匜,,i,,이,L
椸,,i,,이,L
扅,,i,,이,L
陂,pʰ,i,,피,L
疲,pʰ,i,,피,L
彼,pʰ,i,,피,R
被,pʰ,i,,피,R
鞁,pʰ,i,,피,R
髲,pʰ,i,,피,R
舐,t,jei,,뎨,R
纚,s,wai,,쇄,R
靡,m,a,,마,
欹,k,ɨi,,긔,L
弛,,i,,이,R
雌,ts,ə,,ᄌᆞ,
箄,p,i,,비,R
臂,p,i,,비,R
披,pʰ,i,,피,
鈹,pʰ,i,,피,L
譬,p,i,,비,R/H
辟,p,i,,비,R
皮,pʰ,i,,피,L
脾,p,i,,비,L
糜,m,i,,미,L
彌,m,i,,미,
獼,m,i,,미,L
麛,m,i,,미,L
避,pʰ,i,,피,R
辟,pʰ,i,,피,R
靡,m,i,,미,R
瀰,m,i,,미,R
弭,m,i,,미,R
離,r,i,,리,R
詈,r,i,,리,R
魑,r,i,,리,
黐,tsʰ,i,,치,L
池,t,i,,디,L
馳,tʰ,i,,티,L
祇,ts,i,,지,L/H
紙,ts,i,,지,H
只,ts,i,,지,H
咫,ts,i,,지,R
忮,k,i,,기,R
眵,tsʰ,i,,치,L
侈,tsʰ,i,,치,R/L
施,s,i,,시,L
絁,s,i,,시,L
豕,s,i,,시,R
翅,s,i,,시,R
啻,s,i,,시,R
施,s,i,,시,R/H
匙,s,i,,시,L/R
鍉,s,i,,시,L
是,s,i,,시,R
氏,s,i,,시,H
諟,s,i,,시,R
豉,s,i,,시,R
易,,i,,이,R
施,,i,,이,R
廝,s,ɨi,,싀,L
簁,s,ɨi,,싀,L
釃,s,ɨi,,싀,L
羇,k,ɨi,,긔,L
剞,k,ɨi,,긔,H/L
踦,k,ɨi,,긔,L
寄,k,ɨi,,긔,R/H/L
徛,k,ɨi,,긔,R
綺,k,ɨi,,긔,R/H/L
奇,k,ɨi,,긔,L
騎,k,ɨi,,긔,L
琦,k,ɨi,,긔,
錡,k,ɨi,,긔,R/H
戲,h,ɨi,,희,R
猗,,ɨi,,의,L
倚,,ɨi,,의,R
椅,,ɨi,,의,R
宜,,ɨi,,의,L
儀,,ɨi,,의,L
蟻,,ɨi,,의,R
誼,,ɨi,,의,R
義,,ɨi,,의,R
議,,ɨi,,의,R
貲,ts,ə,,ᄌᆞ,L
髭,ts,ə,,ᄌᆞ,L
紫,ts,ə,,ᄌᆞ,R/H
呰,ts,ə,,ᄌᆞ,
刺,ts,ə,,ᄌᆞ,R
莿,ts,ə,,ᄌᆞ,R
此,tsʰ,ə,,ᄎᆞ,H
疵,ts,ə,,ᄌᆞ,L
骴,ts,ə,,ᄌᆞ,L
漬,ts,ə,,ᄌᆞ,R
斯,s,ə,,ᄉᆞ,L
廝,s,ə,,ᄉᆞ,L
璽,s,ə,,ᄉᆞ,R
徙,s,ə,,ᄉᆞ,R
賜,s,ə,,ᄉᆞ,R/H
食,s,ə,,ᄉᆞ,R
兒,z,ə,,ᅀᆞ,L
嘴,tsʰ,jwei,,ᄎᆒ,R
箠,tsʰ,jwei,,ᄎᆒ,R
捶,tsʰ,jwei,,ᄎᆒ,R
惴,tsʰ,jwei,,ᄎᆒ,R
揣,tsʰ,jwei,,ᄎᆒ,R
詭,k,wei,,궤,R
攱,k,wei,,궤,R
跪,k,wei,,궤,R
毀,h,wei,,훼,R
燬,h,wei,,훼,R
瑞,s,jei,,셰,R
蘂,,jei,,예,R
瑞,s,je,,셔,R
隨,s,jui,,ᄉᆔ,L
吹,tsʰ,jui,,ᄎᆔ,L
炊,tsʰ,jui,,ᄎᆔ,L
累,r,ju,,류,R
髓,s,ju,,슈,R/L
隋,s,ju,,슈,L
隨,s,ju,,슈,L
錘,tʰ,ju,,튜,L
吹,tsʰ,ju,,츄,L
炊,tsʰ,ju,,츄,L
垂,s,ju,,슈,L
睡,s,ju,,슈,H
規,k,ju,,규,L
窺,k,ju,,규,L
闚,k,ju,,규,L
跬,k,ju,,규,R
觿,k,ju,,규,L
恚,,ju,,유,
衰,tsʰ,oi,,최,
危,,ui,,위,L
委,,ui,,위,H
餧,,ui,,위,R
庋,k,i,,기,R
捶,tʰ,ju,,튜,L
羸,r,i,,리,L
恚,,ɨi,,의,R
恚,,ei,,에,R
萎,,ui,,위,R
為,,ui,,위,L
潙,,ui,,위,L
為,,ui,,위,R/H
寐,m,əi,,ᄆᆡ,H
魅,m,əi,,ᄆᆡ,
齍,ts,əi,,ᄌᆡ,L
鴟,tʰ,əi,,ᄐᆡ,L
圮,p,ɨi,,븨,R
飢,k,ɨi,,긔,L
肌,k,ɨi,,긔,L
冀,k,ɨi,,긔,H
驥,k,ɨi,,긔,H
器,k,ɨi,,긔,H
祁,k,ɨi,,긔,L
跽,k,ɨi,,긔,H
劓,,ɨi,,의,R
懿,,ɨi,,의,R
悲,p,i,,비,L
鄙,p,i,,비,R
地,t,i,,디,H
尼,n,i,,니,L/R
兕,s,i,,시,R
致,tʰ,i,,티,R
脂,ts,i,,지,L
祗,ts,i,,지,L
二,z,i,,ᅀᅵ,R
鬐,k,i,,기,L
耆,k,i,,기,L/R
伊,,i,,이,L
嗜,k,i,,기,R
比,p,i,,비,R/H
匕,p,i,,비,R
妣,p,i,,비,R
秕,p,i,,비,R
祕,p,i,,비,R
轡,p,i,,비,R
比,p,i,,비,R/H
屁,pʰ,i,,피,L
備,p,i,,비,R
琵,p,i,,비,L
鈚,p,i,,비,L
毘,p,i,,비,L/R/H
膍,p,i,,비,L
邳,p,i,,비,L
鼻,p,i,,비,R
眉,m,i,,미,L
麋,m,i,,미,L
湄,m,i,,미,L
美,m,i,,미,R
媚,m,i,,미,R
梨,r,i,,리,L
蜊,r,i,,리,L
犁,r,i,,리,L
履,r,i,,리,R/H
利,r,i,,리,R/H
痢,r,i,,리,R
涖,r,i,,리,R
躓,tʰ,i,,티,R
懥,tʰ,i,,티,R
絺,tʰ,i,,티,L/R
遲,t,i,,디,L
墀,t,i,,디,L
雉,tʰ,i,,티,R
稚,tʰ,i,,티,R
祗,k,i,,기,L
旨,ts,i,,지,H
指,ts,i,,지,H
砥,ts,i,,지,H
底,ts,i,,지,R/L
至,ts,i,,지,H
鴟,tsʰ,i,,치,L
視,s,i,,시,R
示,s,i,,시,R
諡,s,i,,시,R
尸,s,i,,시,L
屍,s,i,,시,L
蓍,s,i,,시,L
鳲,s,i,,시,L
矢,s,i,,시,R
屎,s,i,,시,R
貳,z,i,,ᅀᅵ,R
樲,z,i,,ᅀᅵ,R
棄,k,i,,기,R
蛜,,i,,이,L
夷,,i,,이,L
荑,,i,,이,
姨,,i,,이,L
彝,,i,,이,L
資,ts,ə,,ᄌᆞ,L
姿,ts,ə,,ᄌᆞ,L
咨,ts,ə,,ᄌᆞ,L
諮,ts,ə,,ᄌᆞ,
姊,ts,ə,,ᄌᆞ,R
恣,ts,ə,,ᄌᆞ,R
次,tsʰ,ə,,ᄎᆞ,R
瓷,ts,ə,,ᄌᆞ,L
師,s,ə,,ᄉᆞ,L
獅,s,ə,,ᄉᆞ,L
螄,s,ə,,ᄉᆞ,L
餈,ts,ə,,ᄌᆞ,L/H
餈,tsʰ,ə,,ᄎᆞ,H
自,ts,ə,,ᄌᆞ,H
私,s,ə,,ᄉᆞ,L
死,s,ə,,ᄉᆞ,R
四,s,ə,,ᄉᆞ,H
肆,s,ə,,ᄉᆞ,R/H
駟,s,ə,,ᄉᆞ,R
泗,s,ə,,ᄉᆞ,R
几,k,wei,,궤,R
机,k,wei,,궤,R
醉,tsʰ,jui,,ᄎᆔ,R
翠,tsʰ,jui,,ᄎᆔ,R
槌,tsʰ,jui,,ᄎᆔ,
水,s,ui,,쉬,
龜,k,ui,,귀,L
喟,,ui,,위,H
位,,ui,,위,H
悴,tsʰ,jwei,,ᄎᆒ,R
萃,tsʰ,jwei,,ᄎᆒ,R
荽,z,ju,,ᅀᅲ,L
綏,,ju,,유,L
軌,k,wei,,궤,R
簋,k,wei,,궤,R
櫃,k,wei,,궤,R
饋,k,wei,,궤,R
簣,k,wei,,궤,R
蕢,k,wei,,궤,R
匱,k,wei,,궤,R
癸,k,jei,,계,R
季,k,jei,,계,R/H
縲,r,ju,,류,R/H
虆,r,ju,,류,L
壘,r,ju,,류,R
類,r,ju,,류,R
淚,r,ju,,류,R/H
雖,s,ju,,슈,L
荽,s,ju,,슈,L
遂,tsʰ,ju,,츄,L
繸,s,ju,,슈,H
隧,s,ju,,슈,H
穗,s,ju,,슈,H
燧,s,ju,,슈,H
彗,s,ju,,슈,H
追,tʰ,ju,,튜,L
墜,tʰ,ju,,튜,R
隊,tʰ,ju,,튜,L
槌,tsʰ,ju,,츄,
帥,s,ju,,슈,H
錐,tsʰ,ju,,츄,L
萑,tsʰ,ju,,츄,L
出,tsʰ,ju,,츄,H
誰,s,ju,,슈,L
脽,s,ju,,슈,L
水,s,ju,,슈,H
緌,z,ju,,ᅀᅲ,L
逵,k,ju,,규,L
葵,k,ju,,규,L
帷,,ju,,유,L
維,,ju,,유,L
惟,,ju,,유,L
唯,,ju,,유,L
遺,,ju,,유,L
唯,,ju,,유,R
壝,,ju,,유,R
誄,r,oi,,뢰,R
椎,tʰ,oi,,퇴,L
衰,s,oi,,쇠,L
水,s,oi,,쇠,
愧,k,oi,,괴,R
隹,tsʰ,jo,,쵸,L
錐,tsʰ,jo,,쵸,L
淚,r,u,,루,H
晷,k,u,,구,R
噫,h,ɨi,,희,L/R
梓,ts,əi,,ᄌᆡ,R
滓,ts,əi,,ᄌᆡ,R
你,n,i,,니,R/H
你,r,i,,리,
狸,r,i,,리,L
貍,r,i,,리,
犛,r,i,,리,L
嫠,r,i,,리,L
李,r,i,,리,R
里,r,i,,리,R
裏,r,i,,리,R
理,r,i,,리,R
鯉,r,i,,리,R
娌,r,i,,리,R
俚,r,i,,리,R
吏,r,i,,리,R
葈,s,i,,시,R
寺,s,i,,시,R
置,tʰ,i,,티,R
恥,tʰ,i,,티,R
秪,ts,i,,지,H
癡,tʰ,i,,티,L
持,t,i,,디,R
治,tʰ,i,,티,L
痔,tʰ,i,,티,R
治,tʰ,i,,티,R
值,tʰ,i,,티,
植,tʰ,i,,티,H
廁,tsʰ,i,,치,R/H
使,s,i,,시,R
之,ts,i,,지,L
芝,ts,i,,지,L
止,ts,i,,지,H
趾,ts,i,,지,H
址,ts,i,,지,H
沚,ts,i,,지,H
芷,ts,i,,지,H
志,ts,i,,지,H
誌,ts,i,,지,H
痣,ts,i,,지,H
識,ts,i,,지,H
嗤,tsʰ,i,,치,L
蚩,tsʰ,i,,치,L
齒,tsʰ,i,,치,R/H
熾,tsʰ,i,,치,R/H
詩,s,i,,시,L
始,s,i,,시,R
試,s,i,,시,R
弒,s,i,,시,R
時,s,i,,시,L
蒔,s,i,,시,L
塒,s,i,,시,L
而,z,i,,ᅀᅵ,L
栭,z,i,,ᅀᅵ,L
轜,z,i,,ᅀᅵ,L
耳,z,i,,ᅀᅵ,R
栮,z,i,,ᅀᅵ,R
餌,z,i,,ᅀᅵ,R
珥,z,i,,ᅀᅵ,R
其,k,i,,기,L
淇,k,i,,기,L
飴,,i,,이,L
怡,,i,,이,L
頤,,i,,이,L
貽,,i,,이,L
已,,i,,이,R
以,,i,,이,R
苡,,i,,이,R
異,,i,,이,R
市,s,i,,시,R
恃,s,i,,시,R
侍,s,i,,시,R/H
偲,s,ɨi,,싀,L
緦,s,ɨi,,싀,L
葸,s,ɨi,,싀,R
媤,s,ɨi,,싀,
絲,s,ɨi,,싀,
輜,tsʰ,ɨi,,츼,L
緇,tsʰ,ɨi,,츼,L
鯔,tsʰ,ɨi,,츼,L
基,k,ɨi,,긔,L
箕,k,ɨi,,긔,L
姬,h,ɨi,,희,L
己,k,ɨi,,긔,H
紀,k,ɨi,,긔,H
記,k,ɨi,,긔,H
欺,k,ɨi,,긔,L
起,k,ɨi,,긔,H
杞,k,ɨi,,긔,H
亟,k,ɨi,,긔,H
棋,k,ɨi,,긔,L
期,k,ɨi,,긔,L
旗,k,ɨi,,긔,L
蘄,k,ɨi,,긔,L
麒,k,ɨi,,긔,L
錤,k,ɨi,,긔,L
淇,k,ɨi,,긔,L
忌,k,ɨi,,긔,H
疑,,ɨi,,의,L
擬,,ɨi,,의,R
嬉,h,ɨi,,희,L
熙,h,ɨi,,희,L
醫,,ɨi,,의,L
喜,h,ɨi,,희,R
蟢,h,ɨi,,희,R
意,,ɨi,,의,R
薏,,ɨi,,의,R
矣,,ɨi,,의,R
滋,ts,ə,,ᄌᆞ,L
孳,ts,ə,,ᄌᆞ,L
耔,ts,ə,,ᄌᆞ,L
鎡,ts,ə,,ᄌᆞ,L
鼒,ts,ə,,ᄌᆞ,L
子,ts,ə,,ᄌᆞ,H
仔,ts,ə,,ᄌᆞ,
慈,ts,ə,,ᄌᆞ,L
茲,ts,ə,,ᄌᆞ,L
鶿,ts,ə,,ᄌᆞ,L
鷀,ts,ə,,ᄌᆞ,L
字,ts,ə,,ᄌᆞ,H
牸,ts,ə,,ᄌᆞ,H
司,s,ə,,ᄉᆞ,L
絲,s,ə,,ᄉᆞ,L
胾,ts,ə,,ᄌᆞ,H
廁,tsʰ,ə,,ᄎᆞ,H
士,s,ə,,ᄉᆞ,R
仕,s,ə,,ᄉᆞ,R
柿,s,ə,,ᄉᆞ,R
幾,k,ɨi,,긔,L
機,k,ɨi,,긔,L
譏,k,ɨi,,긔,L
饑,k,ɨi,,긔,L
鞿,k,ɨi,,긔,L
璣,k,ɨi,,긔,L
幾,k,ɨi,,긔,H
蟣,k,ɨi,,긔,R
既,h,ɨi,,희,R
既,k,ɨi,,긔,H
豈,k,ɨi,,긔,H
祈,k,ɨi,,긔,L
畿,k,ɨi,,긔,L
氣,k,ɨi,,긔,H
璣,k,ɨi,,긔,H
毅,,ɨi,,의,H
希,h,ɨi,,희,L
稀,h,ɨi,,희,
豨,h,ɨi,,희,L
餼,h,ɨi,,희,R
衣,,ɨi,,의,L
依,,ɨi,,의,L
扆,,ɨi,,의,R/L
偯,,ɨi,,의,R
衣,,ɨi,,의,R
沂,k,ɨi,,긔,L
思,s,ə,,ᄉᆞ,L
蕬,s,ə,,ᄉᆞ,L
鷥,s,ə,,ᄉᆞ,L
伺,s,ə,,ᄉᆞ,R
笥,s,ə,,ᄉᆞ,R
寺,s,ə,,ᄉᆞ,R
嗣,s,ə,,ᄉᆞ,R
飼,s,ə,,ᄉᆞ,R
辭,s,ə,,ᄉᆞ,L
詞,s,ə,,ᄉᆞ,L
祠,s,ə,,ᄉᆞ,L
似,s,ə,,ᄉᆞ,R
祀,s,ə,,ᄉᆞ,R
姒,s,ə,,ᄉᆞ,R
耜,s,ə,,ᄉᆞ,R
俟,s,ə,,ᄉᆞ,R
事,s,ə,,ᄉᆞ,R
使,s,ə,,ᄉᆞ,R
史,s,ə,,ᄉᆞ,R
子,ts,ɨ,,즈,
事,s,ɨ,,스,
非,p,i,,비,L
飛,p,i,,비,L
扉,p,i,,비,L
誹,p,i,,비,L
匪,p,i,,비,R
榧,p,i,,비,R
篚,p,i,,비,R
斐,p,i,,비,R
沸,p,i,,비,R
妃,p,i,,비,L
菲,p,i,,비,L
費,p,i,,비,R
肥,p,i,,비,L
腓,p,i,,비,L
翡,p,i,,비,R
菲,p,i,,비,R
剕,p,i,,비,R
微,m,i,,미,L
薇,m,i,,미,L
尾,m,i,,미,R
未,m,i,,미,R
味,m,i,,미,R
歸,k,ui,,귀,L
鬼,k,ui,,귀,R
貴,k,ui,,귀,R
魏,,ui,,위,R/H
揮,h,ui,,휘,L
輝,h,ui,,휘,L
暉,h,ui,,휘,L
楎,h,ui,,휘,L
諱,h,ui,,휘,H
威,,ui,,위,L
葳,,ui,,위,
蝛,,ui,,위,L
慰,,ui,,위,
尉,,ui,,위,R
違,,ui,,위,L/H
圍,,ui,,위,L
韋,,ui,,위,L
幃,,ui,,위,L
闈,,ui,,위,L
偉,,ui,,위,R/H
葦,,ui,,위,R
暐,,ui,,위,R
緯,,ui,,위,H
胃,,ui,,위,H
謂,,ui,,위,R/H
蝟,,ui,,위,H
彙,h,ui,,휘,H
巍,,oi,,외,L
畏,,oi,,외,R
卉,h,wei,,훼,R
虺,h,wei,,훼,R
緋,p,əi,,ᄇᆡ,L
疿,p,ɨ,r,블,H
虫,tʰ,ju,ŋ,튜ᇰ,
保,p,o,,보,L
堡,p,o,,보,R
寶,p,o,,보,R
褓,p,o,,보,R
袍,pʰ,o,,포,L
抱,pʰ,o,,포,R
抱,p,o,,보,R
暴,pʰ,o,,포,R
菢,pʰ,o,,포,R
毛,m,o,,모,L
犛,m,o,,모,
冒,m,o,,모,R
瑁,m,o,,모,L
帽,m,o,,모,R
刀,t,o,,도,L
忉,t,o,,도,L
舠,t,o,,도,L
禱,t,o,,도,R/H
島,t,o,,도,R
倒,t,o,,도,R
擣,t,o,,도,R
到,t,o,,도,R
倒,t,o,,도,R
滔,t,o,,도,L
韜,t,o,,도,L
饕,t,o,,도,L
慆,t,o,,도,L
瑫,t,o,,도,L
絛,tʰ,o,,토,L
討,tʰ,o,,토,H
套,tʰ,o,,토,H
桃,t,o,,도,L
逃,t,o,,도,L
淘,t,o,,도,L
腦,n,o,,노,R
惱,n,o,,노,R
惱,r,o,,로,
瑙,n,o,,노,R
勞,r,o,,로,L
撈,r,o,,로,L
牢,r,o,,로,L
遭,ts,o,,조,L
糟,ts,o,,조,L
早,ts,o,,조,R
棗,ts,o,,조,R
澡,ts,o,,조,R
藻,ts,o,,조,R
躁,ts,o,,조,R
竈,ts,o,,조,R
操,ts,o,,조,L
草,tsʰ,o,,초,H
騲,tsʰ,o,,초,H
譟,ts,o,,조,H
糙,ts,o,,조,R
慥,ts,o,,조,R
高,k,o,,고,L
膏,k,o,,고,L
篙,k,o,,고,L
槹,k,o,,고,L
櫜,k,o,,고,L
羔,k,o,,고,L
餻,k,o,,고,L
皋,k,o,,고,L
杲,k,o,,고,R/H
藁,k,o,,고,R
槀,k,o,,고,R
告,k,o,,고,R/H
誥,k,o,,고,R
尻,k,o,,고,R/L
考,k,o,,고,R/H
燺,k,o,,고,H
槁,h,o,,호,R
槁,k,o,,고,H
拷,k,o,,고,R/H
靠,k,o,,고,
蒿,h,o,,호,L
蒿,k,o,,고,L
薅,h,o,,호,L
好,h,o,,호,R/H
好,h,o,,호,R/H
耗,m,o,,모,
豪,h,o,,호,L
壕,h,o,,호,L
毫,h,o,,호,L
號,h,o,,호,L
嘷,h,o,,호,L
浩,h,o,,호,R
爊,,o,,오,L
襖,,o,,오,R/H
媼,,o,,오,R
奧,,o,,오,R/H
絛,tʰ,jo,,툐,L
淘,t,jo,,됴,L
醪,r,jo,,료,L
潦,r,jo,,료,R
臑,n,jo,,뇨,R
爊,,jo,,요,L
媼,,o,n,온,R/L
棗,tsʰ,o,,초,H
臊,ts,o,,조,R
噪,ts,o,,조,R
媢,m,o,,모,R
陶,t,o,,도,L
萄,t,o,,도,L
濤,t,o,,도,L
道,t,o,,도,R
稻,t,o,,도,R
盜,t,o,,도,R
導,t,o,,도,R
蹈,t,o,,도,R
幬,t,o,,도,R
老,r,o,,로,R
澇,r,o,,로,H
曹,ts,o,,조,L
槽,ts,o,,조,L
艚,ts,o,,조,L
螬,ts,o,,조,L
皂,ts,o,,조,R
造,ts,o,,조,R/H
搔,s,o,,소,L
繅,s,o,,소,L
掃,s,o,,소,R
燥,ts,o,,조,
掃,s,o,,소,
犒,k,o,,고,R
熬,,o,,오,L
翺,k,o,,고,L
螯,,o,,오,L
厫,,o,,오,L
獒,,o,,오,L
敖,,o,,오,L/R
傲,,o,,오,R
鏊,,o,,오,R
奡,,o,,오,H
敖,,o,,오,R
顥,h,o,,호,H
昊,h,o,,호,R
號,h,o,,호,R
勞,r,oi,,뢰,
牢,r,oi,,뢰,L
桃,t,u,,두,
套,tʰ,u,,투,
艘,s,u,,수,R
嫂,s,u,,수,R
尻,k,u,,구,
豹,pʰ,jo,,표,H
鮑,pʰ,jo,,표,H
茅,m,jo,,묘,
卯,m,jo,,묘,R
嘲,t,jo,,됴,L
鐃,n,jo,,뇨,
鬧,n,jo,,뇨,R
鈔,tsʰ,jo,,쵸,L
鞘,s,jo,,쇼,L
弰,s,jo,,쇼,L
蛸,s,jo,,쇼,L
筲,s,jo,,쇼,L
笊,ts,jo,,죠,
炒,tsʰ,jo,,쵸,H
抄,tsʰ,jo,,쵸,H
稍,tsʰ,jo,,쵸,H
交,k,jo,,교,L
郊,k,jo,,교,L
膠,k,jo,,교,L
咬,k,jo,,교,L
蛟,k,jo,,교,L
絞,k,jo,,교,R
狡,k,jo,,교,R
鉸,k,jo,,교,R
教,k,jo,,교,R
校,k,jo,,교,R
酵,k,jo,,교,R
窖,k,jo,,교,R
覺,k,jo,,교,R
骹,k,jo,,교,L
磽,k,jo,,교,L
巧,k,jo,,교,R
咬,,jo,,요,R
齩,k,jo,,교,R
樂,,jo,,요,R
孝,h,jo,,효,R
哮,h,jo,,효,R
肴,h,jo,,효,L
效,h,jo,,효,R
坳,,jo,,요,L
包,pʰ,o,,포,L/H
苞,pʰ,o,,포,L
飽,pʰ,o,,포,R
泡,pʰ,o,,포,L
脬,pʰ,o,,포,L
砲,pʰ,o,,포,R
皰,pʰ,o,,포,R
跑,pʰ,o,,포,L
麅,pʰ,o,,포,L
庖,pʰ,o,,포,L
匏,pʰ,o,,포,L
咆,pʰ,o,,포,L
炮,pʰ,o,,포,L
鉋,pʰ,o,,포,L
齙,pʰ,o,,포,L
爪,ts,o,,조,R
笊,ts,o,,조,R
罺,ts,o,,조,
巢,s,o,,소,L
鞘,s,o,,소,L
弰,s,o,,소,L
蛸,s,o,,소,L
筲,s,o,,소,L
髇,h,o,,호,R
抓,ts,wa,,좌,R
棹,t,o,,도,R
茅,m,o,,모,L
抓,k,wa,,과,R
筲,tsʰ,jo,,쵸,L
蛸,tsʰ,jo,,쵸,L
嚙,tsʰ,i,,치,
梢,tsʰ,jo,,쵸,L
艄,tsʰ,jo,,쵸,L
鐃,,jo,,요,L
撓,,jo,,요,R
臕,pʰ,jo,,표,L
鑣,pʰ,jo,,표,L
表,pʰ,jo,,표,H
標,pʰ,jo,,표,H
飄,pʰ,jo,,표,L
漂,pʰ,jo,,표,L
剽,pʰ,jo,,표,H
瓢,pʰ,jo,,표,L
薸,pʰ,jo,,표,L
鰾,pʰ,jo,,표,R
苗,m,jo,,묘,L
描,m,jo,,묘,L
貓,m,jo,,묘,L
廟,m,jo,,묘,R/H
妙,m,jo,,묘,R
燎,r,jo,,료,R
療,r,jo,,료,
焦,tsʰ,jo,,쵸,L
蕉,tsʰ,jo,,쵸,L
椒,tsʰ,jo,,쵸,L
礁,tsʰ,jo,,쵸,L
鷦,tsʰ,jo,,쵸,L
鍬,tsʰ,jo,,쵸,L
樵,tsʰ,jo,,쵸,L
譙,tsʰ,jo,,쵸,L
憔,tsʰ,jo,,쵸,L
誚,tsʰ,jo,,쵸,R/H
消,s,jo,,쇼,L
宵,s,jo,,쇼,L
霄,s,jo,,쇼,
銷,s,jo,,쇼,L
焇,s,jo,,쇼,L
痟,s,jo,,쇼,L
綃,s,jo,,쇼,L
小,s,jo,,쇼,R
笑,s,jo,,쇼,R/H
朝,t,jo,,됴,L
超,tʰ,jo,,툐,L
朝,t,jo,,됴,L
潮,t,jo,,됴,L
晁,t,jo,,됴,L
趙,t,jo,,됴,R
兆,t,jo,,됴,R/L
照,ts,jo,,죠,R
詔,ts,jo,,죠,R
麨,tsʰ,jo,,쵸,R/H
燒,s,jo,,쇼,L
少,s,jo,,쇼,R
少,s,jo,,쇼,R
韶,s,jo,,쇼,L
召,s,jo,,쇼,R
邵,s,jo,,쇼,R
饒,z,jo,,ᅀᅭ,L
橈,z,jo,,ᅀᅭ,L
蕘,,jo,,요,L
嬈,,jo,,요,
擾,z,jo,,ᅀᅭ,R
繞,z,jo,,ᅀᅭ,R
遶,z,jo,,ᅀᅭ,
饒,z,jo,,ᅀᅭ,
驕,k,jo,,교,L
嬌,k,jo,,교,L/H
憍,k,jo,,교,L
矯,k,jo,,교,R/L
蹺,k,jo,,교,L
鞽,k,jo,,교,L
喬,k,jo,,교,L
橋,k,jo,,교,L
蕎,k,jo,,교,L
轎,k,jo,,교,R
妖,,jo,,요,L
腰,,jo,,요,L
要,,jo,,요,L
夭,,jo,,요,L
夭,,jo,,요,R
要,,jo,,요,R
搖,,jo,,요,L
陶,,jo,,요,L
遥,,jo,,요,L
瑤,,jo,,요,L
軺,,jo,,요,L
舀,,jo,,요,R
曜,,jo,,요,R
鷂,,jo,,요,R
搖,,jo,,요,R
囂,,ɨ,n,은,L
招,tʰ,jo,,툐,L
弨,tʰ,jo,,툐,L
昭,s,jo,,쇼,L
沼,s,jo,,쇼,R
鴞,h,jo,,효,L
肖,tsʰ,jo,,쵸,R
悄,tsʰ,jo,,쵸,R
貂,t,jo,,됴,L
雕,t,jo,,됴,L
鵰,t,jo,,됴,L
凋,t,jo,,됴,L
彫,t,jo,,됴,L
琱,t,jo,,됴,L
鳥,t,jo,,됴,H
釣,t,jo,,됴,H
弔,t,jo,,됴,H
挑,tʰ,jo,,툐,
糶,t,jo,,됴,R/H
朓,t,jo,,됴,R
條,t,jo,,됴,L
條,tʰ,jo,,툐,L
調,t,jo,,됴,L
跳,t,jo,,됴,L
蜩,t,jo,,됴,L
鰷,t,jo,,됴,L
齠,t,jo,,됴,L
調,t,jo,,됴,H
蓧,t,jo,,됴,H
尿,n,jo,,뇨,R
遼,r,jo,,료,L
撩,r,jo,,료,L
翏,r,jo,,료,
寥,r,jo,,료,
獠,r,jo,,료,L
僚,r,jo,,료,L
鷯,r,jo,,료,L
寮,r,jo,,료,R
了,r,jo,,료,R/H
繚,r,jo,,료,R
蓼,r,jo,,료,R
鐐,r,jo,,료,R
蕭,s,jo,,쇼,L
簫,s,jo,,쇼,L
蠨,s,jo,,쇼,L
嘯,s,jo,,쇼,R
梟,h,jo,,효,L
徼,,jo,,요,L
皦,k,jo,,교,R
叫,k,jo,,교,R
徼,k,jo,,교,R
堯,,jo,,요,L
曉,h,jo,,효,R
掉,t,o,,도,
部,p,o,,보,H
某,m,o,,모,R
畝,m,o,,모,R
牡,m,o,,모,R
拇,m,o,,모,R
母,m,o,,모,R
莽,m,o,,모,H
姆,m,o,,모,R
兜,t,o,,도,L
篼,t,o,,도,L
透,tʰ,o,,토,
鍮,tʰ,o,,토,
頭,tʰ,o,,토,
潄,s,o,,소,
扣,k,o,,고,H
叩,k,o,,고,H
畝,m,jo,,묘,R
剖,p,u,,부,R
裒,p,u,,부,H
抔,p,u,,부,R
部,p,u,,부,H
斗,t,u,,두,H
抖,t,u,,두,H
蚪,t,u,,두,H
鬪,tʰ,u,,투,R/H
耨,n,u,,누,R
縷,r,u,,루,L
簍,r,u,,루,L
螻,r,u,,루,L
走,ts,u,,주,R
奏,ts,u,,주,R
鉤,k,u,,구,L
溝,k,u,,구,L
冓,k,u,,구,L
篝,k,u,,구,L
韝,k,u,,구,L
狗,k,u,,구,R/H
垢,k,u,,구,R
笱,k,u,,구,R
侯,h,u,,후,L
喉,h,u,,후,L/R
猴,h,u,,후,L
睺,h,u,,후,
鍮,t,ju,,듀,L
歐,k,u,,구,L
甌,k,u,,구,L
鷗,k,u,,구,L
謳,k,u,,구,L
蓲,k,u,,구,R
嘔,k,u,,구,R
漚,k,u,,구,R
戊,m,u,,무,R
茂,m,u,,무,R
貿,m,u,,무,R
楙,m,u,,무,R
偷,tʰ,u,,투,L
透,tʰ,u,,투,R/H
投,tʰ,u,,투,L
骰,tʰ,u,,투,L
牏,tʰ,u,,투,L
頭,t,u,,두,L
豆,t,u,,두,R/H
痘,t,u,,두,H
竇,t,u,,두,H
荳,t,u,,두,H
脰,t,u,,두,H
餖,t,u,,두,H
髏,r,u,,루,L
樓,r,u,,루,L
摟,r,u,,루,L
蔞,r,u,,루,R
婁,r,u,,루,L/R
耬,r,u,,루,R
漏,r,u,,루,R
瘻,r,u,,루,R
陋,r,u,,루,R
鏤,r,u,,루,L
腠,ts,u,,주,R
叟,s,u,,수,R
擻,s,u,,수,R
瞍,s,u,,수,R
藪,s,u,,수,R
嗽,s,u,,수,R
潄,s,u,,수,R
苟,k,u,,구,R
彀,k,u,,구,R
構,k,u,,구,R
購,k,u,,구,R
覯,k,u,,구,R
雊,k,u,,구,R
雊,h,u,,후,R
摳,k,u,,구,L
彄,k,u,,구,L
口,k,u,,구,R
叩,k,u,,구,R
釦,k,u,,구,R
寇,k,u,,구,R
簆,k,u,,구,R
鷇,k,u,,구,R
藕,,u,,우,R
偶,,u,,우,R
耦,,u,,우,R
腢,,u,,우,R
糇,h,u,,후,L
帿,h,u,,후,L
吼,h,u,,후,R
後,h,u,,후,R
厚,h,u,,후,R
后,h,u,,후,R/H
候,h,u,,후,R
逅,h,u,,후,R
鍭,h,u,,후,L
堠,h,u,,후,R
鷲,tsʰ,ju,k,츅,
丑,tʰ,ju,k,튝,H
呪,ts,ju,k,쥭,
呪,tsʰ,ju,k,츅,
僦,tsʰ,jui,,ᄎᆔ,R
就,tsʰ,jui,,ᄎᆔ,R
醜,tsʰ,jui,,ᄎᆔ,R
臭,tsʰ,jui,,ᄎᆔ,R
不,p,u,,부,
否,p,u,,부,R
不,p,u,,부,
缶,p,u,,부,R
殕,p,u,,부,R
缹,p,u,,부,R
富,p,u,,부,R
副,p,u,,부,R
覆,p,u,,부,R
浮,p,u,,부,L
鄹,tsʰ,u,,추,L
皺,tsʰ,u,,추,L
縐,tsʰ,u,,추,L
篘,tsʰ,u,,추,L
愁,s,u,,수,L
醜,tsʰ,u,,추,L
鳩,k,u,,구,L
鬮,k,u,,구,L
九,k,u,,구,R/H
久,k,u,,구,R
韭,k,u,,구,R
救,k,u,,구,R
究,k,u,,구,R/H
疚,k,u,,구,R
廏,k,u,,구,R
丘,k,u,,구,L
朽,h,u,,후,R
嗅,h,u,,후,R
憂,,u,,우,L
優,,u,,우,L
耰,,u,,우,L
麀,,u,,우,L
尤,,u,,우,L
緅,tsʰ,ju,,츄,L
甃,tsʰ,ju,,츄,L
九,k,ju,,규,H
蜉,p,u,,부,L
芣,p,u,,부,L
婦,p,u,,부,H
負,p,u,,부,R
阜,p,u,,부,R
蝜,p,u,,부,R
復,p,u,,부,R
廋,s,u,,수,L
蒐,s,u,,수,L
溲,s,u,,수,L
螋,s,u,,수,L
瘦,s,u,,수,R
蚯,k,u,,구,L
糗,k,u,,구,R
求,k,u,,구,L
球,k,u,,구,L
仇,k,u,,구,L
裘,k,u,,구,L
毬,k,u,,구,L
梂,k,u,,구,L
臼,k,u,,구,R
舅,k,u,,구,R
咎,k,u,,구,R
舊,k,u,,구,R
柩,k,u,,구,R
牛,,u,,우,L
疣,,u,,우,L
右,,u,,우,R
友,,u,,우,R
又,,u,,우,R
佑,,u,,우,R
祐,,u,,우,R
紐,n,ju,,뉴,R
扭,n,ju,,뉴,R
鈕,n,ju,,뉴,R
杻,r,ju,,류,R
流,r,ju,,류,L
劉,r,ju,,류,L
留,r,ju,,류,L
榴,r,ju,,류,L
酒,ts,ju,,쥬,H
秋,tsʰ,ju,,츄,L
鞦,tsʰ,ju,,츄,L
鞦,ts,ju,,쥬,
鰍,tsʰ,ju,,츄,L
楸,tsʰ,ju,,츄,L
湫,tsʰ,ju,,츄,L
鶖,tsʰ,ju,,츄,L
鞧,tsʰ,ju,,츄,L
鷲,tsʰ,ju,,츄,R
修,s,ju,,슈,L
羞,s,ju,,슈,L
饈,s,ju,,슈,L
輈,t,ju,,듀,L
丑,tʰ,ju,,튜,R/H
稠,t,ju,,듀,L
籌,t,ju,,듀,L
紬,t,ju,,듀,L
儔,t,ju,,듀,L
疇,t,ju,,듀,L
肘,t,ju,,듀,L
周,ts,ju,,쥬,L
舟,ts,ju,,쥬,L
州,t,ju,,듀,L
州,ts,ju,,쥬,L
洲,ts,ju,,쥬,L
賙,ts,ju,,쥬,L
箒,ts,ju,,쥬,
箒,tsʰ,ju,,츄,H
祝,tsʰ,ju,,츄,
呪,ts,ju,,쥬,H
呪,tsʰ,ju,,츄,
收,s,ju,,슈,L
手,s,ju,,슈,H
首,s,ju,,슈,H
守,s,ju,,슈,H
獸,s,ju,,슈,H
休,h,ju,,휴,L
鵂,h,ju,,휴,L
有,,ju,,유,R
囿,,ju,,유,R
由,,ju,,유,L
油,,ju,,유,L
游,,ju,,유,L
遊,,ju,,유,L
猶,,ju,,유,L
蚰,,ju,,유,L
輶,,ju,,유,L
攸,,ju,,유,L
琉,r,ju,,류,L
瑠,r,ju,,류,L
鶹,r,ju,,류,L
柳,r,ju,,류,R
罶,r,ju,,류,R
溜,r,ju,,류,R
餾,r,ju,,류,R
瘤,r,ju,,류,R
秀,s,ju,,슈,H
繡,s,ju,,슈,H
宿,s,ju,,슈,H
銹,s,ju,,슈,H
囚,s,ju,,슈,L
泅,s,ju,,슈,L
泅,tsʰ,ju,,츄,L
袖,s,ju,,슈,H
岫,s,ju,,슈,H
杻,tsʰ,ju,,츄,R
紂,t,ju,,듀,H
晝,t,ju,,듀,R
宙,t,ju,,듀,R
冑,t,ju,,듀,R
狩,s,ju,,슈,H
讎,s,ju,,슈,L
酬,s,ju,,슈,L
受,s,ju,,슈,R/H
壽,s,ju,,슈,H
授,s,ju,,슈,H
售,s,ju,,슈,H
柔,z,ju,,ᅀᅲ,L
葇,z,ju,,ᅀᅲ,L
繇,,ju,,유,L
猷,,ju,,유,L
悠,,ju,,유,L
斿,,ju,,유,L
蝣,,ju,,유,L
酉,,ju,,유,R
莠,,ju,,유,R
誘,,ju,,유,R
牖,,ju,,유,R
柚,,ju,,유,R
鼬,,ju,,유,
謀,m,o,,모,L
矛,m,o,,모,L
眸,m,o,,모,L
鍪,m,o,,모,L
麰,m,o,,모,L
蝥,m,o,,모,L
糾,k,ju,,규,H
幽,,ju,,유,R
幼,,ju,,유,R
謬,n,ju,,뉴,R
鐕,ts,ə,m,ᄌᆞᆷ,
簪,ts,ə,m,ᄌᆞᆷ,L
蠶,ts,ə,m,ᄌᆞᆷ,L
糝,s,ə,m,ᄉᆞᆷ,R
參,s,ə,m,ᄉᆞᆷ,L
蔘,s,ə,m,ᄉᆞᆷ,L
耽,tʰ,a,m,탐,L
耽,t,a,m,담,L
貪,tʰ,a,m,탐,L
探,tʰ,a,m,탐,L
潭,t,a,m,담,L
曇,t,a,m,담,L
蟫,t,a,m,담,L
壜,t,a,m,담,L
藫,t,a,m,담,L
禫,t,a,m,담,R
萏,t,a,m,담,L
南,n,a,m,남,L
男,n,a,m,남,L
嵐,n,a,m,남,L
婪,r,a,m,람,L
鐕,ts,a,m,잠,
揝,ts,a,m,잠,R
參,tsʰ,a,m,참,L
慘,tsʰ,a,m,참,L
感,k,a,m,감,R
堪,k,a,m,감,L
龕,k,a,m,감,L
戡,k,a,m,감,L
坎,k,a,m,감,R
紺,k,a,m,감,R
勘,k,a,m,감,
墈,k,a,m,감,R
含,h,a,m,함,L
函,h,a,m,함,L
頷,h,a,m,함,L
涵,h,a,m,함,L
撼,k,a,m,감,R
撼,h,a,m,함,R
頷,h,a,m,함,
陰,,a,m,암,L
庵,,a,m,암,L
暗,,a,m,암,R
糝,tsʰ,a,m,참,R
南,n,a,,나,L
菡,h,a,m,함,R
憾,k,a,m,감,R
闇,,a,m,암,R
答,t,a,p,답,H
荅,t,a,p,답,H
踏,t,a,p,답,H
錔,t,a,p,답,H
納,n,a,p,납,H
衲,n,a,p,납,H
咂,ts,a,p,잡,H
匝,ts,a,p,잡,H
雜,ts,a,p,잡,H
蛤,h,a,p,합,H
鴿,h,a,p,합,H
閤,h,a,p,합,H
合,h,a,p,합,H
罨,,a,p,압,H
擔,t,a,m,담,L
膽,t,a,m,담,R
擔,t,a,m,담,R
耼,t,a,m,담,L
毯,t,a,m,담,R
菼,t,a,m,담,R
談,t,a,m,담,L
痰,t,a,m,담,L
澹,t,a,m,담,L
澹,t,a,m,담,R
噉,t,a,m,담,R
淡,t,a,m,담,R/L
藍,r,a,m,람,L
籃,r,a,m,람,L
襤,r,a,m,람,L
覽,r,a,m,람,R
攬,r,a,m,람,R
爁,r,a,m,람,R
纜,r,a,m,람,R
慚,tsʰ,a,m,참,L
暫,ts,a,m,잠,R
蹔,ts,a,m,잠,
三,s,a,m,삼,L
甘,k,a,m,감,L
柑,k,a,m,감,L
泔,k,a,m,감,L
疳,k,a,p,갑,
坩,k,a,m,감,L
瞰,k,a,m,감,R
憨,h,a,m,함,L
塔,tʰ,a,p,탑,H
搭,tʰ,a,p,탑,H
榻,tʰ,a,p,탑,H
塌,tʰ,a,p,탑,H
臘,r,a,p,랍,H
鑞,r,a,p,랍,H
蠟,r,a,p,랍,H
磕,h,a,p,합,
瞌,h,a,p,합,
榼,h,a,p,합,H
嗑,h,a,p,합,
盍,h,a,p,합,H
甘,k,a,n,간,
蠟,r,a,,라,
坍,t,a,n,단,L
洽,h,ɨ,p,흡,H
恰,h,ɨ,p,흡,
湛,t,a,m,담,R
賺,ts,a,m,잠,R
賺,t,a,m,담,R
蘸,ts,a,m,잠,R
讒,tsʰ,a,m,참,L
饞,tsʰ,a,m,참,L
杉,s,a,m,삼,L
緘,h,a,m,함,L
咸,h,a,m,함,L
函,h,a,m,함,L
鹹,h,a,m,함,L
陷,h,a,m,함,R
餡,h,a,m,함,R
黯,,a,m,암,R
劄,ts,a,p,잡,H
插,s,a,p,삽,H
鍤,s,a,p,삽,H
牐,ts,a,p,잡,H
煠,ts,a,p,잡,H
歃,s,a,p,삽,H
箑,s,a,p,삽,H
鹻,k,je,m,겸,R
裌,h,je,p,협,H
跲,k,je,p,겹,H
掐,k,je,p,겹,H
衫,s,a,n,산,
夾,k,ja,,갸,
斬,tsʰ,a,m,참,R
站,tsʰ,a,m,참,R
懺,tsʰ,a,m,참,R
衫,s,a,m,삼,L
監,k,a,m,감,L
鑑,k,a,m,감,R
嵌,k,a,m,감,L
巖,,a,m,암,L
岩,,a,m,암,
銜,h,a,m,함,L
艦,h,a,m,함,R
檻,h,a,m,함,R
甲,k,a,p,갑,H
胛,k,a,p,갑,H
匣,k,a,p,갑,H
狎,,a,p,압,H
柙,h,a,p,합,H
鴨,,a,p,압,H
押,,a,p,압,H
壓,,a,p,압,H
甲,k,ja,,갸,
潛,ts,ə,m,ᄌᆞᆷ,L
芡,k,a,m,감,R
俺,,a,m,암,L
葉,n,i,p,닙,H
貶,pʰ,je,m,폄,R
廉,r,je,m,렴,L
鐮,r,je,m,렴,L
匳,r,je,m,렴,L
簾,r,je,m,렴,L
帘,r,je,m,렴,L
臁,r,je,m,렴,L
斂,r,je,m,렴,R
歛,r,je,m,렴,R
殮,r,je,m,렴,R
漸,ts,je,m,졈,L
籤,ts,je,m,졈,L
塹,ts,je,m,졈,
漸,ts,je,m,졈,R
諂,tʰ,je,m,텸,R/L
覘,t,je,m,뎜,R
瞻,ts,je,m,졈,L
占,ts,je,m,졈,R
襜,ts,je,m,졈,L
韂,tsʰ,je,m,쳠,L
苫,s,je,m,셤,R
蟾,s,je,m,셤,L
髯,z,je,m,ᅀᅧᆷ,L
枏,z,je,m,ᅀᅧᆷ,L
染,z,je,m,ᅀᅧᆷ,R
冉,z,je,m,ᅀᅧᆷ,R
鉗,k,je,m,겸,L
黶,,je,m,염,R
檿,,je,m,염,R
燄,,je,m,염,R
扊,,je,m,염,R
厭,,je,m,염,R
猒,,je,m,염,
炎,,je,m,염,L
鹽,,je,m,염,L
閻,,je,m,염,L
閻,z,je,m,ᅀᅧᆷ,L
簷,tsʰ,je,m,쳠,L
豔,,je,m,염,R
焰,,je,m,염,
臉,r,je,m,렴,R
鐮,k,je,m,겸,L
獦,k,a,r,갈,H
苫,ts,je,m,졈,L
苫,ts,je,m,졈,R
驗,h,e,m,험,R
痁,ts,je,m,졈,L
鑷,n,je,p,녑,H
獵,r,je,p,렵,H
鬣,r,je,p,렵,H
接,ts,je,p,졉,H
睫,tsʰ,je,p,쳡,H
椄,ts,je,p,졉,H
妾,tsʰ,je,p,쳡,H
輒,tʰ,je,p,텹,H
攝,s,je,p,셥,H
葉,s,je,p,셥,H
韘,s,je,p,셥,H
涉,s,je,p,셥,H
曄,n,je,p,녑,H
饁,n,je,p,녑,H
葉,,je,p,엽,H
帘,r,e,m,럼,L
檢,k,e,m,검,R
臉,k,e,m,검,R
撿,k,e,m,검,R
黔,k,e,m,검,L
儉,k,e,m,검,R
險,h,e,m,험,R
嶮,h,e,m,험,R
淹,,e,m,엄,L/R
醃,,e,m,엄,L
掩,,e,m,엄,R
揜,,e,m,엄,R
閹,,e,m,엄,R
厭,,a,n,안,R
閃,s,je,n,션,
劍,k,e,m,검,R
嚴,,e,m,엄,L
儼,,e,m,엄,R
釅,,e,m,엄,R
蘝,h,e,m,험,R
劫,k,e,p,겁,H
怯,k,e,p,겁,H
業,,e,p,업,H
鄴,,e,p,업,H
脇,h,e,p,헙,H
乏,pʰ,i,p,핍,H
凡,p,e,m,범,L
帆,p,e,m,범,L
范,p,e,m,범,R
範,p,e,m,범,R
犯,p,e,m,범,R
梵,p,e,m,범,R
法,p,e,p,법,H
法,pʰ,a,,파,
欠,h,ɨ,m,흠,R
杴,h,ɨ,m,흠,L
脇,h,je,p,협,H
莢,h,i,p,힙,L
點,t,je,m,뎜,R/H
店,t,je,m,뎜,R
坫,t,je,m,뎜,R
添,tʰ,je,m,텸,L
沾,tʰ,je,m,텸,L
舔,tʰ,je,m,텸,R
忝,tʰ,je,m,텸,R/H
甜,tʰ,je,m,텸,L
簟,t,je,m,뎜,R
鮎,n,je,m,념,L
拈,n,je,m,념,L
拈,r,je,m,렴,L
念,n,je,m,념,R
念,r,je,m,렴,R
濂,r,je,m,렴,L
兼,k,je,m,겸,L
蒹,k,je,m,겸,L
縑,k,je,m,겸,L
謙,k,je,m,겸,L
歉,k,je,m,겸,R
慊,k,je,m,겸,R
嫌,h,je,m,혐,L
帖,tʰ,je,p,텹,H
貼,tʰ,je,p,텹,H
牒,tʰ,je,p,텹,H
蝶,t,je,p,뎝,H
氎,t,je,p,뎝,
楪,t,je,p,뎝,H
捻,n,je,p,녑,H
莢,h,je,p,협,H
頰,h,je,p,협,H
筴,h,je,p,협,H
鋏,h,je,p,협,H
蛺,h,je,p,협,H
謙,k,je,p,겹,H
篋,h,je,p,협,H
協,h,je,p,협,H
俠,h,je,p,협,H
挾,h,je,p,협,H
鮎,t,je,m,뎜,L
鮎,ts,je,m,졈,L
拈,ts,je,m,졈,L
捻,n,je,m,념,H
恬,n,je,m,념,L
浹,h,je,p,협,
簪,ts,ə,m,ᄌᆞᆷ,L
譖,tsʰ,ə,m,ᄎᆞᆷ,R
讖,ts,ə,m,ᄌᆞᆷ,R
讖,tsʰ,ə,m,ᄎᆞᆷ,R
岑,ts,ə,m,ᄌᆞᆷ,
涔,ts,ə,m,ᄌᆞᆷ,L
梣,ts,ə,m,ᄌᆞᆷ,L
參,s,ə,m,ᄉᆞᆷ,L
蔘,s,ə,m,ᄉᆞᆷ,L
箴,ts,ə,m,ᄌᆞᆷ,L
甚,s,ə,m,ᄉᆞᆷ,H
瘖,,a,m,암,L
澀,s,a,p,삽,
賃,,i,m,임,R
稔,n,je,m,념,R
瀋,s,i,m,심,R
諶,tʰ,i,m,팀,L
賃,n,i,m,님,R
恁,n,i,m,님,R
林,r,i,m,림,L
臨,r,i,m,림,L
霖,r,i,m,림,L
臨,r,i,m,림,R
浸,tsʰ,i,m,침,R/H
侵,tsʰ,i,m,침,L
寢,tsʰ,i,m,침,R
蕈,s,i,m,심,R
心,s,i,m,심,L
尋,s,i,m,심,L
燖,s,i,m,심,L
鬵,s,i,m,심,L
砧,tʰ,i,m,팀,L
椹,s,i,m,심,L
沉,tʰ,i,m,팀,L
湛,tʰ,i,m,팀,L
朕,t,i,m,딤,R
蔘,s,i,m,심,
駸,tsʰ,i,m,침,
梣,s,i,m,심,
斟,ts,i,m,짐,L
斟,tsʰ,i,m,침,L
鍼,tsʰ,i,m,침,L
箴,tsʰ,i,m,침,L
枕,tsʰ,i,m,침,R
葚,s,i,m,심,R
深,s,i,m,심,L
審,s,i,m,심,R
嬸,s,i,m,심,R
甚,s,i,m,심,R
壬,z,i,m,ᅀᅵᆷ,L/R
稔,n,i,m,님,R
衽,z,i,m,ᅀᅵᆷ,R
荏,z,i,m,ᅀᅵᆷ,R
飪,z,i,m,ᅀᅵᆷ,R
任,z,i,m,ᅀᅵᆷ,R
紝,z,i,m,ᅀᅵᆷ,R
妊,z,i,m,ᅀᅵᆷ,R
絍,z,i,m,ᅀᅵᆷ,R
金,k,i,m,김,L
立,r,i,p,립,H
笠,r,i,p,립,H
粒,r,i,p,립,H
苙,r,i,p,립,H
集,ts,i,p,집,H
執,ts,i,p,집,H
十,s,i,p,십,H
入,z,i,p,ᅀᅵᆸ,H
檁,r,ɨ,m,름,R
闖,tʰ,ɨ,m,틈,
今,k,ɨ,m,금,L
金,k,ɨ,m,금,L
歆,h,ɨ,m,흠,L
音,,ɨ,m,음,L
凜,r,ɨ,m,름,R
廩,r,ɨ,m,름,R
襟,k,ɨ,m,금,L
錦,k,ɨ,m,금,R
禁,k,ɨ,m,금,R
欽,h,ɨ,m,흠,L
衾,k,ɨ,m,금,L
琴,k,ɨ,m,금,L
禽,k,ɨ,m,금,L
擒,k,ɨ,m,금,L
檎,k,ɨ,m,금,L
噙,k,ɨ,m,금,L
妗,k,ɨ,m,금,R
吟,,ɨ,m,음,L
陰,,ɨ,m,음,L
飲,,ɨ,m,음,R
窨,,ɨ,m,음,L
飲,n,i,m,님,H
淫,,ɨ,m,음,L
婬,,ɨ,m,음,L
緝,ts,ɨ,p,즙,H
葺,ts,ɨ,p,즙,H
楫,ts,ɨ,p,즙,H
習,s,ɨ,p,습,H
襲,s,ɨ,p,습,H
蕺,ts,ɨ,p,즙,H
澀,s,ɨ,p,습,
汁,ts,ɨ,p,즙,H
濕,s,ɨ,p,습,H
什,s,ɨ,p,습,H
拾,s,ɨ,p,습,H
急,k,ɨ,p,급,H
級,k,ɨ,p,급,H
給,k,ɨ,p,급,H
汲,k,ɨ,p,급,H
泣,,ɨ,p,읍,H
及,k,ɨ,p,급,H
笈,k,ɨ,p,급,H
吸,h,ɨ,p,흡,H
翕,h,ɨ,p,흡,H
挹,,ɨ,p,읍,H
揖,,ɨ,p,읍,H
邑,,ɨ,p,읍,H
浥,,ɨ,p,읍,H
稟,pʰ,u,m,품,R/H
品,pʰ,u,m,품,R
梣,ts,i,n,진,L
十,s,i,,시,
散,s,wa,n,솬,
丹,t,a,n,단,L
丹,r,a,n,란,L
單,t,a,n,단,L
箪,t,a,n,단,L
襌,t,a,n,단,L
担,t,a,n,단,R
旦,t,a,n,단,R
疸,t,a,n,단,R
灘,tʰ,a,n,탄,L
攤,tʰ,a,n,탄,L
擹,tʰ,a,n,탄,L
坦,t,a,n,단,R
炭,tʰ,a,n,탄,R
歎,tʰ,a,n,탄,R/H
嘆,tʰ,a,n,탄,R/H
檀,t,a,n,단,L
壇,t,a,n,단,L
彈,tʰ,a,n,탄,L
難,n,a,n,난,L
難,r,a,n,란,L
難,n,a,n,난,R
難,r,a,n,란,R
蘭,r,a,n,란,L
欄,r,a,n,란,L
瀾,r,a,n,란,L
嬾,r,a,n,란,R
爛,r,a,n,란,R
贊,ts,a,n,잔,R
贊,tsʰ,a,n,찬,R
灒,ts,a,n,잔,R
灒,tsʰ,a,n,찬,R
餐,tsʰ,a,n,찬,
璨,tsʰ,a,n,찬,R
殘,ts,a,n,잔,L
珊,s,a,n,산,L
散,s,a,n,산,R
傘,s,a,n,산,R
饊,s,a,n,산,R
散,s,a,n,산,R
干,k,a,n,간,L
肝,k,a,n,간,L
竿,k,a,n,간,L
乾,k,a,n,간,L
奸,k,a,n,간,L
漧,k,a,n,간,L
幹,k,a,n,간,R
旰,h,a,n,한,R/H
稈,k,a,n,간,R
笴,k,a,n,간,R
赶,k,a,n,간,R
赶,h,a,n,한,H
罕,h,a,n,한,R
漢,h,a,n,한,R
寒,h,a,n,한,L
韓,h,a,n,한,L
旱,h,a,n,한,R
汗,h,a,n,한,R/H
銲,h,a,n,한,R
翰,h,a,n,한,R/H
悍,h,a,n,한,R
鼾,h,a,n,한,R
安,,a,n,안,L
鞍,,a,n,안,L
按,,a,n,안,R
案,,a,n,안,R
旦,t,jo,,됴,L
誕,tʰ,a,n,탄,R
但,t,a,n,단,R
袒,t,a,n,단,R
袒,tʰ,a,n,탄,R
但,t,a,n,단,R
憚,tʰ,a,n,탄,R
看,k,a,n,간,L
侃,k,a,n,간,R/H
岸,,a,n,안,R
疸,t,a,r,달,
獺,t,a,r,달,H
撻,t,a,r,달,H
闥,t,a,r,달,H
韃,t,a,r,달,H
達,t,a,r,달,H
薘,t,a,r,달,H
捺,n,a,r,날,
辣,r,a,r,랄,H
糲,r,a,r,랄,H
剌,r,a,r,랄,
拶,tsʰ,a,r,찰,H
薩,s,a,r,살,H
割,h,a,r,할,H
葛,k,a,r,갈,H
渴,k,a,r,갈,H
枿,,a,r,알,H
喝,h,a,r,할,H
毼,k,a,r,갈,H
蝎,k,a,r,갈,H
褐,k,a,r,갈,H
遏,,a,r,알,
褐,h,e,r,헐,
毼,h,e,,허,
達,t,a,,다,
剌,r,a,,라,
達,t,ai,,대,
般,p,a,n,반,L/H
半,p,a,n,반,R/L
潘,p,a,n,반,L
端,t,a,n,단,L
暖,n,a,n,난,R
鑽,tsʰ,a,n,찬,L
纂,tsʰ,a,n,찬,R
豁,h,a,r,할,H
撮,tsʰ,oi,,최,R
叛,pʰ,a,n,판,H
判,pʰ,a,n,판,R/H
冸,p,a,n,반,R
盤,p,a,n,반,L
盤,pʰ,a,n,판,L
槃,p,a,n,반,L
瘢,p,a,n,반,L
胖,p,a,n,반,L
蟠,p,a,n,반,L
伴,p,a,n,반,R
叛,p,a,n,반,R/H
畔,p,a,n,반,R
謾,m,a,n,만,
饅,m,a,n,만,L
曼,m,a,n,만,
蔓,m,a,n,만,L
鰻,m,a,n,만,L
鏝,m,a,n,만,L
鞔,m,a,n,만,L
滿,m,a,n,만,R
漫,m,a,n,만,R
幔,m,a,n,만,R
斷,t,a,n,단,R
鍛,t,a,n,단,R
碫,t,a,n,단,R
湍,t,a,n,단,L
猯,t,a,n,단,L
團,t,a,n,단,L
斷,t,a,n,단,R
段,t,a,n,단,R
鸞,r,a,n,란,L
巒,r,a,n,란,L
卵,r,a,n,란,R
亂,r,a,n,란,R
纉,tsʰ,a,n,찬,R
鑽,tsʰ,a,n,찬,R
竄,tsʰ,a,n,찬,R
爨,tsʰ,a,n,찬,R
鑹,tsʰ,a,n,찬,R
酸,s,a,n,산,L
狻,s,a,n,산,L
餕,s,a,n,산,L
算,s,a,n,산,R
筭,s,a,n,산,R
鉢,p,a,r,발,H
撥,p,a,r,발,
溌,pʰ,a,r,팔,H/L
醗,p,a,r,발,H
鈸,p,a,r,발,H
跋,p,a,r,발,H
末,m,a,r,말,H
沫,m,a,r,말,H
抹,m,a,r,말,H
脫,tʰ,a,r,탈,H
奪,tʰ,a,r,탈,H
脫,tʰ,a,r,탈,H
斡,,a,r,알,H
官,k,wa,n,관,L
棺,k,wa,n,관,L
觀,k,wa,n,관,L
冠,k,wa,n,관,L
莞,k,wa,n,관,L
涫,k,wa,n,관,L
歡,h,wa,n,환,L
獾,h,wa,n,환,L
懽,h,wa,n,환,L
喚,h,wa,n,환,
煥,h,wa,n,환,R
渙,h,wa,n,환,R
豌,,wa,n,완,L
剜,,wa,n,완,L
帵,,wa,n,완,L
管,k,wa,n,관,H
琯,k,wa,n,관,H
輨,k,wa,n,관,H
盥,k,wa,n,관,R
貫,k,wa,n,관,R/H
罐,k,wa,n,관,R
灌,k,wa,n,관,R/H
觀,k,wa,n,관,H
冠,k,wa,n,관,R/H
盥,k,wa,n,관,
館,k,wa,n,관,H
瓘,k,wa,n,관,H
寬,k,wa,n,관,L
款,k,wa,n,관,R
玩,,wa,n,완,R
桓,h,wa,n,환,L
完,,wa,n,완,L
丸,h,wa,n,환,L
紈,h,wa,n,환,L
芄,h,wa,n,환,L
萑,h,wa,n,환,L
緩,,wa,n,완,R
浣,,wa,n,완,R
換,h,wa,n,환,R
碗,,wa,n,완,R/L
腕,,wa,n,완,R
撮,tsʰ,wa,r,촬,H
括,k,wa,r,괄,H
适,k,wa,r,괄,H
栝,k,wa,r,괄,H
筈,k,wa,r,괄,H
闊,kʰ,wa,r,콸,H
蛞,k,wa,r,괄,H
活,h,wa,r,활,H
潘,p,e,n,번,L
伴,p,e,n,번,
盤,pʰ,e,n,펀,
團,t,e,n,던,
團,t,we,n,둰,L
蒜,s,we,n,숸,H
罐,k,we,n,권,
蚖,,we,n,원,L
扮,p,a,n,반,R
辦,p,a,n,반,
綻,tʰ,a,n,탄,R
盞,ts,a,n,잔,H
羼,tsʰ,a,n,찬,R
孱,ts,a,n,잔,L
棧,ts,a,n,잔,H
山,s,a,n,산,L
疝,s,a,n,산,L
產,s,a,n,산,R
艱,k,a,n,간,L
間,k,a,n,간,L
簡,k,a,n,간,R
揀,k,a,n,간,R
間,k,a,n,간,R
襉,k,a,n,간,R
慳,k,a,n,간,L
慳,h,a,n,한,L
眼,,a,n,안,R
閑,h,a,n,한,L
癇,k,a,n,간,R
間,h,a,n,한,L
叭,p,a,r,발,
札,tsʰ,a,r,찰,H
察,tsʰ,a,r,찰,H
殺,s,a,r,살,H
限,h,ə,n,ᄒᆞᆫ,
瓣,pʰ,a,n,판,H
辦,pʰ,a,n,판,R/H
八,pʰ,a,r,팔,H
叭,pʰ,a,r,팔,
幻,h,wa,n,환,R
刷,s,wa,r,솰,L
滑,h,wa,r,활,H
猾,h,wa,r,활,H
刷,s,wa,,솨,R
刷,s,ja,,샤,
班,p,a,n,반,L
斑,p,a,n,반,L
頒,p,a,n,반,
螌,p,a,n,반,L
攀,p,a,n,반,L
蠻,m,a,n,만,L
鬘,m,a,n,만,
板,p,a,n,반,
慢,m,a,n,만,R/H
赧,n,a,n,난,R
羼,tsʰ,a,n,찬,R
訕,s,a,n,산,R
姦,k,a,n,간,
顏,,a,n,안,L
諫,k,a,n,간,R
澗,k,a,n,간,R
贋,,a,n,안,R
鴈,,a,n,안,R
偐,,a,n,안,
僴,h,a,n,한,R
骭,h,a,n,한,R
晏,,a,n,안,R
拔,p,a,r,발,
刹,tsʰ,a,r,찰,H
鴶,,a,r,알,H
圿,k,a,r,갈,H
瞎,h,a,r,할,H
轄,h,a,r,할,H
板,pʰ,a,n,판,H
菅,k,wa,n,관,L
鏟,s,a,n,산,R
孿,s,wa,n,솬,R
關,k,wa,n,관,L
慣,k,wa,n,관,
串,k,wa,n,관,
頑,,wa,n,완,L
還,h,wa,n,환,L
環,h,wa,n,환,L
寰,h,wa,n,환,L
鬟,h,wa,n,환,L
莞,,wa,n,완,L
患,h,wa,n,환,R
宦,h,wa,n,환,R
豢,h,wa,n,환,R
槵,h,wa,n,환,R
刮,k,wa,r,괄,H
撰,tsʰ,a,n,찬,
饌,tsʰ,a,n,찬,R
薍,r,a,n,란,R
彎,m,a,n,만,L
鞭,pʰ,je,n,편,L
變,p,je,n,변,R
弁,p,je,n,변,R
卞,p,je,n,변,R
篇,pʰ,je,n,편,L
偏,pʰ,je,n,편,L
騙,pʰ,je,n,편,R
徧,p,je,n,변,R
徧,pʰ,je,n,편,R/H
便,pʰ,je,n,편,L/R
便,p,je,n,변,L/R
辨,p,je,n,변,R
辯,p,je,n,변,R/H
便,p,je,n,변,H
綿,m,je,n,면,L
緡,m,je,n,면,L
免,m,je,n,면,R
連,r,je,n,련,L
鰱,r,je,n,련,L
輦,r,je,n,련,H
璉,r,je,n,련,R
碾,n,je,n,년,R
煎,ts,je,n,젼,L
剪,ts,je,n,젼,R
箭,ts,je,n,젼,R
煎,ts,je,n,젼,R
遷,tsʰ,je,n,쳔,L
韆,tsʰ,je,n,쳔,L
淺,tsʰ,je,n,쳔,R
錢,ts,je,n,젼,L/R
餞,ts,je,n,젼,R
踐,tsʰ,je,n,쳔,R/H
賤,tsʰ,je,n,쳔,R
仙,s,je,n,션,L
鮮,s,je,n,션,
秈,s,je,n,션,L
鮮,s,je,n,션,R
癬,s,je,n,션,R
燹,s,je,n,션,R
蘚,s,je,n,션,R
獮,s,je,n,션,R
線,s,je,n,션,R
鱣,ts,je,n,젼,
展,t,je,n,뎐,
纏,t,je,n,뎐,
廛,t,je,n,뎐,L
氈,ts,je,n,젼,L
栴,ts,je,n,젼,
旃,ts,je,n,젼,L
饘,ts,je,n,젼,L
鸇,ts,je,n,젼,L
戰,ts,je,n,젼,R
闡,tsʰ,je,n,쳔,R
扇,s,je,n,션,R
騸,s,je,n,션,R
蟬,s,je,n,션,L
禪,s,je,n,션,L
善,s,je,n,션,R
蟺,s,je,n,션,R
鱔,s,je,n,션,R
膳,s,je,n,션,R
然,z,je,n,ᅀᅧᆫ,L
燃,z,je,n,ᅀᅧᆫ,L
囝,k,je,n,견,R
遣,k,je,n,견,R
譴,k,je,n,견,R
延,,je,n,연,L
筵,,je,n,연,L
蜒,,je,n,연,L
莚,,je,n,연,L
演,,je,n,연,R
碾,t,je,n,뎐,L
蘖,p,je,k,벽,H
涎,,je,n,연,L
羶,ts,je,n,젼,L
膻,ts,je,n,젼,L
勉,m,je,n,면,R
娩,m,je,n,면,R
冕,m,je,n,면,R
面,m,je,n,면,R
羨,s,je,n,션,R
鼈,p,je,r,별,H
虌,p,je,r,별,H
鱉,p,je,r,별,H
別,p,je,r,별,H
滅,m,je,r,멸,H
搣,m,je,r,멸,H
列,r,je,r,렬,H
烈,r,je,r,렬,H
裂,r,je,r,렬,
蛚,r,je,r,렬,H
鴷,r,je,r,렬,H
薛,s,je,r,셜,H
泄,s,je,r,셜,H
絏,s,je,r,셜,H
褻,s,je,r,셜,H
洩,s,je,r,셜,H
媟,s,je,r,셜,H
疶,s,je,r,셜,H
哲,tʰ,je,r,텰,H
徹,tʰ,je,r,텰,H
撤,tʰ,je,r,텰,H
折,ts,je,r,졀,H
靼,ts,je,r,졀,H
掣,tʰ,je,r,텰,H
舌,s,je,r,셜,H
設,s,je,r,셜,H
折,ts,je,r,졀,H
熱,z,je,r,ᅀᅧᆯ,H
訐,k,je,r,결,H
孑,h,je,r,혈,H
謇,k,e,n,건,L
瀽,k,e,n,건,R
愆,k,e,n,건,L
騫,k,e,n,건,L
攐,k,e,n,건,L
乾,k,e,n,건,L
虔,k,e,n,건,L/R
件,k,e,n,건,R
諺,,e,n,언,R
喭,,e,n,언,R
彥,,e,n,언,R
焉,,e,n,언,L
鰋,,e,n,언,R
傑,k,e,r,걸,H
桀,k,e,r,걸,H
孽,,e,r,얼,H
孼,,e,r,얼,H
闑,,e,r,얼,H
鼈,p,je,,벼,
戀,r,je,n,련,R
鐫,ts,je,n,젼,L
悛,ts,je,n,젼,L
全,ts,je,n,젼,L
泉,tsʰ,je,n,쳔,L
宣,s,je,n,션,L
旋,s,je,n,션,L
旋,s,je,n,션,
轉,t,je,n,뎐,R
轉,t,je,n,뎐,R
傳,t,je,n,뎐,L
傳,t,je,n,뎐,R
撰,s,je,n,션,R
僎,s,je,n,션,R
專,ts,je,n,젼,L
甎,ts,je,n,젼,L
顓,ts,je,n,젼,L
川,tsʰ,je,n,쳔,L
穿,tsʰ,je,n,쳔,L
喘,tsʰ,je,n,쳔,R
船,s,je,n,션,L
舡,s,je,n,션,
撋,z,je,n,ᅀᅧᆫ,L
軟,,je,n,연,R
腝,,je,n,연,R
蠕,z,je,n,ᅀᅧᆫ,R
絹,k,je,n,견,R/L
緣,,je,n,연,L
鉛,,je,n,연,L
鳶,,je,n,연,L
劣,r,je,r,렬,H
絕,ts,je,r,졀,H
雪,s,je,r,셜,H
輟,tʰ,je,r,텰,H
啜,tʰ,je,r,텰,H
梲,ts,je,r,졀,H
說,s,je,r,셜,H
爇,s,je,r,셜,H
缺,k,je,r,결,H
悅,,je,r,열,H
閱,,je,r,열,H
卷,k,we,n,권,R
眷,k,we,n,권,R
卷,k,we,n,권,R
拳,k,we,n,권,L
權,k,we,n,권,L
卷,k,we,n,권,L
倦,k,we,n,권,R
圓,,we,n,원,L
員,,we,n,원,L
院,,we,n,원,L
援,,we,n,원,L
吮,,je,n,연,R
篅,tsʰ,je,n,쳔,R
腨,tsʰ,je,n,쳔,R
椽,,je,n,연,L
軟,t,o,r,돌,
瑗,,we,n,원,R/L
衏,,we,n,원,R
顴,k,wa,n,관,R
羯,k,a,r,갈,H
訐,,a,r,알,H
碣,k,a,r,갈,H
竭,k,a,r,갈,H
蠍,k,a,r,갈,H
謁,,a,r,알,H
犍,k,e,n,건,L
鞬,k,e,n,건,L
鍵,k,e,n,건,R
言,,e,n,언,L
軒,h,e,n,헌,L
掀,h,e,n,헌,L
憲,h,e,n,헌,R
獻,h,e,n,헌,R/H
堰,,e,n,언,R
歇,h,e,r,헐,H
蠍,h,e,r,헐,H
反,p,a,n,반,R
返,p,a,n,반,R
阪,p,a,n,반,R
販,pʰ,a,n,판,H
畈,pʰ,a,n,판,H
礬,p,a,n,반,L
飯,p,a,n,반,R/H
飯,pʰ,a,n,판,
晚,m,a,n,만,R
挽,m,a,n,만,R
娩,m,a,n,만,
萬,m,a,n,만,R
髮,p,a,r,발,H
發,p,a,r,발,H
襪,m,a,r,말,H
韈,m,a,r,말,H
阮,,wa,n,완,R
喧,h,wa,n,환,R
楦,h,wa,n,환,R
踠,,wa,n,완,L
畹,,wa,n,완,R
諠,h,wa,n,환,R
援,,wa,n,완,L
遠,,wa,n,완,R
瑗,,wa,n,완,R
曰,,wa,r,왈,H
藩,p,e,n,번,L
翻,p,e,n,번,L
反,p,e,n,번,L
旛,p,e,n,번,L
轓,p,e,n,번,L
幡,p,e,n,번,L
煩,p,e,n,번,L
礬,p,e,n,번,L
繁,p,e,n,번,L
樊,p,e,n,번,L
燔,p,e,n,번,L
蘩,p,e,n,번,L
伐,p,e,r,벌,H
筏,p,e,r,벌,H
罰,p,e,r,벌,H
瞂,p,e,r,벌,H
噦,,e,r,얼,H
勸,k,we,n,권,R
券,k,we,n,권,R
圈,k,we,n,권,R
元,,we,n,원,L
喧,h,we,n,훤,
萱,h,we,n,훤,L
寃,,we,n,원,L
怨,,we,n,원,L
鴛,,we,n,원,L
菀,,we,n,원,R
怨,,we,n,원,R
袁,,we,n,원,L
原,,we,n,원,L
源,,we,n,원,L
黿,,we,n,원,L
莞,,we,n,원,L
願,,we,n,원,R
愿,,we,n,원,R
暄,h,we,n,훤,L
貆,h,we,n,훤,L
楦,h,we,n,훤,R
轅,,we,n,원,L
園,,we,n,원,L
援,,we,n,원,L
猿,,we,n,원,L
垣,,we,n,원,L
榬,,we,n,원,L
遠,,we,n,원,R
蹶,k,we,r,궐,H
蕨,k,we,r,궐,H
鱖,k,we,r,궐,H
瘚,k,we,r,궐,H
闕,k,we,r,궐,H
橛,k,we,r,궐,H
撅,k,we,r,궐,
月,,we,r,월,H
軏,,we,r,월,H
刖,,we,r,월,H
越,,we,r,월,H
鉞,,we,r,월,H
捏,n,a,r,날,H
苶,n,a,r,날,H
涅,n,a,r,날,H
桔,k,a,r,갈,
邊,p,je,n,변,L
蝙,pʰ,je,n,편,L
籩,p,je,n,변,L
遍,p,je,n,변,R
遍,pʰ,je,n,편,H/L
片,pʰ,je,n,편,R/H
玭,p,je,n,변,L
眠,m,je,n,면,L
艑,pʰ,je,n,편,R
麵,m,je,n,면,H
顛,t,je,n,뎐,L
巔,t,je,n,뎐,L
癫,t,je,n,뎐,L
典,t,je,n,뎐,R
天,tʰ,je,n,텬,L
靦,t,je,n,뎐,R
田,t,je,n,뎐,L
田,ts,je,n,젼,L
電,t,je,n,뎐,R
殿,t,je,n,뎐,R
奠,t,je,n,뎐,R
淀,t,je,n,뎐,R
甸,t,je,n,뎐,R/L
澱,t,je,n,뎐,R
年,n,je,n,년,L
撚,n,je,n,년,R
憐,r,je,n,련,L
蓮,r,je,n,련,L
鍊,r,je,n,련,R
煉,r,je,n,련,
箋,ts,je,n,젼,L
薦,tsʰ,je,n,쳔,R
牮,ts,je,n,젼,R
千,tsʰ,je,n,쳔,L
倩,tsʰ,je,n,쳔,R
蒨,tsʰ,je,n,쳔,R
前,ts,je,n,젼,L
先,s,je,n,션,L
跣,s,je,n,션,R/L
先,s,je,n,션,R
霰,s,je,n,션,R
肩,k,je,n,견,L
堅,k,je,n,견,L
繭,k,je,n,견,R
趼,k,je,n,견,R
筧,h,je,n,현,R
襺,k,je,n,견,R
見,k,je,n,견,R
研,,je,n,연,L
硯,,je,n,연,H
研,,je,n,연,R
顯,h,je,n,현,R
憲,h,je,n,현,R
蜆,h,je,n,현,R
賢,h,je,n,현,L
弦,h,je,n,현,L
舷,h,je,n,현,L
峴,h,je,n,현,R
煙,,je,n,연,L
燕,,je,n,연,L
胭,,je,n,연,L
咽,,je,n,연,L
燕,,je,n,연,R
嚥,,je,n,연,R
宴,,je,n,연,R
咽,,i,n,인,L
迭,t,i,r,딜,
垤,t,i,r,딜,H
跌,t,i,r,딜,H
絰,t,i,r,딜,H
桔,k,i,r,길,H
頡,h,i,r,힐,H
纈,h,i,r,힐,H
研,z,je,n,ᅀᅧᆫ,L
駢,p,je,ŋ,벼ᇰ,L
畋,t,je,n,뎐,R
癜,t,je,n,뎐,R
見,h,je,n,현,R
莧,h,je,n,현,R
鷰,,je,n,연,R
篾,m,je,r,멸,H
蠛,m,je,r,멸,H
鐵,tʰ,je,r,텰,H
餮,tʰ,je,r,텰,H
捏,n,je,r,녈,H
涅,n,je,r,녈,H
節,ts,je,r,졀,H
癤,ts,je,r,졀,H
切,ts,je,r,졀,H
竊,ts,je,r,졀,H
截,ts,je,r,졀,H
糏,s,je,r,셜,H
楔,s,je,r,셜,H
結,k,je,r,결,H
潔,k,je,r,결,H
鍥,k,je,r,결,H
霓,,je,r,열,H
霓,ŋ,je,r,ᅌᅧᆯ,H
齧,h,je,r,혈,H
絜,h,je,r,혈,H
絜,k,je,r,결,H
咽,,je,r,열,
蠮,,je,r,열,H
結,k,jei,,계,
蠲,k,je,n,견,L
鵑,k,je,n,견,L
畎,k,je,n,견,R
狷,k,je,n,견,H
犬,k,je,n,견,R
玄,h,je,n,현,L
懸,h,je,n,현,
絢,h,je,n,현,R
縣,h,je,n,현,R/H
眩,h,je,n,현,R
衒,h,je,n,현,R
淵,,je,n,연,L
決,k,je,r,결,H
訣,k,je,r,결,H
闋,k,je,r,결,H
血,h,je,r,혈,H
穴,h,je,r,혈,H
淵,z,je,n,ᅀᅧᆫ,L
跟,k,ɨ,n,근,L
根,k,ɨ,n,근,L
齦,k,ɨ,n,근,L
痕,h,ɨ,n,흔,L
恩,,ɨ,n,은,L
麧,h,ɨ,r,흘,H
齕,h,ɨ,r,흘,H
吞,tʰ,ə,n,ᄐᆞᆫ,L
懇,k,ə,n,ᄀᆞᆫ,R
狠,h,ə,n,ᄒᆞᆫ,R
恨,h,ə,n,ᄒᆞᆫ,R
齕,h,əi,k,ᄒᆡᆨ,
本,p,o,n,본,H
畚,p,o,n,본,H
敦,t,o,n,돈,L
墩,t,o,n,돈,L
驐,t,o,n,돈,L
暾,t,o,n,돈,L
頓,t,o,n,돈,R/H
褪,t,o,n,돈,R
豚,t,o,n,돈,L
飩,t,o,n,돈,L
魨,t,o,n,돈,L
燉,t,o,n,돈,
囤,t,o,n,돈,R
沌,t,o,n,돈,R
論,r,o,n,론,L
論,r,o,n,론,R
尊,ts,o,n,존,L
村,tsʰ,o,n,촌,R
忖,tsʰ,o,n,촌,
寸,tsʰ,o,n,촌,R
存,ts,o,n,존,L
鐏,ts,o,n,존,R
孫,s,o,n,손,L
猻,s,o,n,손,L
蓀,s,o,n,손,L
飧,s,o,n,손,L
損,s,o,n,손,R
孫,s,o,n,손,R
巽,s,o,n,손,R
昆,k,o,n,곤,L
蜫,k,o,n,곤,L
滾,k,o,n,곤,R
袞,k,o,n,곤,R
坤,k,o,n,곤,L
閫,k,o,n,곤,R
困,k,o,n,곤,R
棍,k,o,n,곤,
昏,h,o,n,혼,L
婚,h,o,n,혼,L
閽,h,o,n,혼,L
魂,h,o,n,혼,L
餛,h,o,n,혼,L
渾,h,o,n,혼,L
混,h,o,n,혼,R
棍,k,o,n,곤,R
渾,h,o,n,혼,R
圂,h,o,n,혼,R
溫,,o,n,온,L
瘟,,o,n,온,L
昷,,o,n,온,L
穩,,o,n,온,
搵,,o,n,온,R
沒,m,o,r,몰,H
柮,t,o,r,돌,H
突,t,o,r,돌,H
揬,t,o,r,돌,
堗,t,o,r,돌,H
卒,ts,o,r,졸,H
猝,ts,o,r,졸,H
卒,ts,o,r,졸,H
窣,s,o,r,솔,H
骨,k,o,r,골,H
榾,k,o,r,골,H
兀,,o,r,올,
杌,,o,r,올,H
忽,h,o,r,홀,H
笏,h,o,r,홀,H
鶻,k,o,r,골,H
勃,p,ə,r,ᄇᆞᆯ,H
脖,p,ə,r,ᄇᆞᆯ,H
鵓,p,ə,r,ᄇᆞᆯ,L
飧,tsʰ,a,n,찬,R
暪,m,a,n,만,R
悶,m,i,n,민,
奔,p,u,n,분,L
錛,p,u,n,분,L
賁,p,u,n,분,L
噴,p,u,n,분,R
盆,p,u,n,분,L
盆,pʰ,u,n,푼,
門,m,u,n,문,L
屯,t,u,n,둔,L
臀,t,u,n,둔,L
鈍,t,u,n,둔,R
頓,t,u,n,둔,
嫩,n,u,n,눈,
樽,ts,u,n,준,L
蹲,ts,u,n,준,L
裩,k,u,n,군,L
棍,k,u,n,군,
訥,n,u,r,눌,H
窟,k,u,r,굴,H
卼,,u,r,울,
巾,k,e,n,건,L
賓,p,i,n,빈,L
殯,p,i,n,빈,R/H
儐,p,i,n,빈,
擯,p,i,n,빈,R/H
貧,p,i,n,빈,L
獱,p,i,n,빈,L
蘋,p,i,n,빈,L
牝,p,i,n,빈,R
民,m,i,n,민,L
旻,m,i,n,민,L
憫,m,i,n,민,H
敏,m,i,n,민,H
愍,m,i,n,민,H
閔,m,i,n,민,H
泯,m,i,n,민,H
鄰,r,i,n,린,L
鱗,r,i,n,린,L
麟,r,i,n,린,L
吝,r,i,n,린,R
磷,r,i,n,린,R
悋,r,i,n,린,R
津,ts,i,n,진,L/R
盡,ts,i,n,진,R
進,ts,i,n,진,R
晉,ts,i,n,진,R
搢,ts,i,n,진,R
親,tsʰ,i,n,친,L
秦,ts,i,n,진,L
螓,ts,i,n,진,L
辛,s,i,n,신,L
新,s,i,n,신,L
薪,s,i,n,신,L
信,s,i,n,신,R
訊,s,i,n,신,R
迅,s,i,n,신,R
顖,s,i,n,신,R
燼,s,i,n,신,R
珍,t,i,n,딘,L
鎮,t,i,n,딘,R/H
趁,t,i,n,딘,
陳,t,i,n,딘,L
塵,t,i,n,딘,L
陣,t,i,n,딘,H
陳,t,i,n,딘,H
榛,ts,i,n,진,L
蓁,ts,i,n,진,L
襯,tsʰ,i,n,친,R
齔,tsʰ,i,n,친,R
櫬,tsʰ,i,n,친,R
真,ts,i,n,진,L
畛,ts,i,n,진,L
疹,t,i,n,딘,H
袗,t,i,n,딘,R
畛,t,i,n,딘,R
振,ts,i,n,진,R
震,ts,i,n,진,R
賑,ts,i,n,진,R
神,s,i,n,신,L
身,s,i,n,신,L
申,s,i,n,신,L
伸,s,i,n,신,L
娠,s,i,n,신,L
紳,s,i,n,신,L
哂,s,i,n,신,R
矧,s,i,n,신,R
晨,s,i,n,신,L
辰,s,i,n,신,L
臣,s,i,n,신,L
宸,s,i,n,신,L
腎,s,i,n,신,R
慎,s,i,n,신,R
人,z,i,n,ᅀᅵᆫ,L
仁,z,i,n,ᅀᅵᆫ,L
忍,z,i,n,ᅀᅵᆫ,R
刃,z,i,n,ᅀᅵᆫ,R
緊,k,i,n,긴,R
巾,k,i,n,긴,
因,,i,n,인,L
姻,,i,n,인,L
茵,,i,n,인,L
蚓,,i,n,인,H
印,,i,n,인,H
寅,,i,n,인,L
引,,i,n,인,H
因,z,i,n,ᅀᅵᆫ,L
引,z,i,n,ᅀᅵᆫ,
印,z,i,n,ᅀᅵᆫ,H
蜃,s,ju,n,슌,R
辰,ts,i,n,진,R
疹,t,i,n,딘,H
袗,t,i,n,딘,R
畛,t,i,n,딘,R
儘,s,i,n,신,R
瞋,ts,i,n,진,L
嗔,ts,i,n,진,L
仞,z,i,n,ᅀᅵᆫ,R
訒,z,i,n,ᅀᅵᆫ,R
筆,pʰ,i,r,필,H
畢,pʰ,i,r,필,H
必,pʰ,i,r,필,H
觱,pʰ,i,r,필,H
匹,pʰ,i,r,필,H
疋,pʰ,i,r,필,H
弼,pʰ,i,r,필,H
佛,pʰ,i,r,필,H
柲,pʰ,i,r,필,H
密,m,i,r,밀,H
樒,m,i,r,밀,H
蜜,m,i,r,밀,H
七,tsʰ,i,r,칠,H
漆,tsʰ,i,r,칠,H
疾,ts,i,r,질,H
蒺,ts,i,r,질,
嫉,ts,i,r,질,H
悉,s,i,r,실,H
蟋,s,i,r,실,H
窒,t,i,r,딜,H
銍,t,i,r,딜,H
姪,t,i,r,딜,H
秩,t,i,r,딜,H
帙,t,i,r,딜,H
質,ts,i,r,질,H
蛭,t,i,r,딜,H
桎,t,i,r,딜,H
櫍,ts,i,r,질,H
礩,ts,i,r,질,H
實,s,i,r,실,H
失,s,i,r,실,H
室,s,i,r,실,H
日,z,i,r,ᅀᅵᆯ,H
吉,k,i,r,길,H
詰,h,i,r,힐,H
肸,h,i,r,힐,H
一,,i,r,일,H
壹,,i,r,일,H
逸,,i,r,일,H
佚,,i,r,일,H
佾,,i,r,일,H
溢,,i,r,일,H
櫬,tsʰ,ɨ,n,츤,R
巾,k,ɨ,n,근,L
僅,k,ɨ,n,근,R
饉,k,ɨ,n,근,R
覲,k,ɨ,n,근,R
銀,,ɨ,n,은,L
嚚,,ɨ,n,은,L
釁,h,ɨ,n,흔,R
膝,s,ɨ,r,슬,H
櫛,ts,ɨ,r,즐,H
瑟,s,ɨ,r,슬,H
乙,,ɨ,r,을,H
鳦,,ɨ,r,을,H
蝨,s,ɨ,r,슬,H
栗,r,ju,r,률,H
慄,r,ju,r,률,H
篥,r,ju,r,률,H
賓,p,i,ŋ,비ᇰ,L
貧,p,i,ŋ,비ᇰ,L
鬢,p,i,ŋ,비ᇰ,R
擯,p,i,ŋ,비ᇰ,R
蘋,p,i,ŋ,비ᇰ,L
嬪,p,i,ŋ,비ᇰ,L
牝,p,i,ŋ,비ᇰ,R
親,tsʰ,i,ŋ,치ᇰ,
忍,z,i,ŋ,ᅀᅵᇰ,
刃,,i,ŋ,이ᇰ,R
仞,,i,ŋ,이ᇰ,R
觱,pʰ,i,,피,
匹,p,i,,비,
密,m,i,,미,
栗,r,i,,리,
膝,s,i,,시,
斤,k,ɨ,n,근,L
筋,k,ɨ,n,근,L
謹,k,ɨ,n,근,R
槿,k,ɨ,n,근,R
靳,k,ɨ,n,근,L
勤,k,ɨ,n,근,L
芹,k,ɨ,n,근,L
懃,k,ɨ,n,근,L
近,k,ɨ,n,근,R
訢,,ɨ,n,은,L
誾,,ɨ,n,은,L
齗,,ɨ,n,은,L
垽,,ɨ,n,은,R/H
欣,h,ɨ,n,흔,
昕,h,ɨ,n,흔,L
訢,h,ɨ,n,흔,L
脪,h,ɨ,n,흔,R
殷,,ɨ,n,은,L
慇,,ɨ,n,은,L
隱,,ɨ,n,은,H
癮,,ɨ,n,은,H
檃,,ɨ,n,은,H
訖,h,ɨ,r,흘,H
隱,,o,n,온,
吃,k,e,r,걸,H
乞,k,e,r,걸,H
肐,k,e,r,걸,H
虼,k,e,r,걸,H
倫,r,ju,n,륜,L
綸,r,ju,n,륜,L
俊,ts,ju,n,쥰,R
儁,ts,ju,n,쥰,R
皴,ts,ju,n,쥰,L
逡,ts,ju,n,쥰,
恂,ts,ju,n,쥰,R
詢,s,ju,n,슌,
肫,ts,ju,n,쥰,L
準,ts,ju,n,쥰,R
稕,ts,ju,n,쥰,R
春,tsʰ,ju,n,츈,L
蠢,ts,ju,n,쥰,R
脣,s,ju,n,슌,L
盾,s,ju,n,슌,R
楯,s,ju,n,슌,R
均,k,ju,n,균,L
鈞,k,ju,n,균,L
允,,ju,n,윤,R/H
尹,,ju,n,윤,R/H
齗,h,ɨ,n,흔,L
筠,k,ju,n,균,L
窀,t,u,n,둔,L
肫,t,u,n,둔,L
遵,ts,u,n,준,L
秫,tʰ,ju,r,튤,H
訹,tʰ,ju,r,튤,H
恤,h,ju,r,휼,H
卹,h,ju,r,휼,H
隼,ts,ju,n,쥰,R
峻,ts,ju,n,쥰,R
淪,r,ju,n,륜,L
輪,r,ju,n,륜,L
恂,s,ju,n,슌,L
筍,s,ju,n,슌,R
旬,s,ju,n,슌,L
循,s,ju,n,슌,L
巡,s,ju,n,슌,L
徇,s,ju,n,슌,R
順,s,ju,n,슌,R
舜,s,ju,n,슌,R
蕣,s,ju,n,슌,R
瞬,s,ju,n,슌,R
眴,s,ju,n,슌,R
純,s,ju,n,슌,L
醇,s,ju,n,슌,L
淳,s,ju,n,슌,L
鶉,s,ju,n,슌,L
蓴,s,ju,n,슌,L
潤,z,ju,n,ᅀᅲᆫ,R/H
閏,z,ju,n,ᅀᅲᆫ,R
麕,k,ju,n,균,L/H
囷,k,ju,n,균,R
菌,k,ju,n,균,L
律,r,ju,r,률,H
葎,r,ju,r,률,H
戍,s,ju,r,슐,H
銊,s,ju,r,슐,H
黜,tʰ,ju,r,튤,H
朮,tʰ,ju,r,튤,H
出,tsʰ,ju,r,츌,H
術,s,ju,r,슐,H
述,s,ju,r,슐,H
橘,k,ju,r,귤,H
鷸,h,ju,r,휼,H
繘,h,ju,r,휼,H
窘,k,u,n,군,R
殞,,u,n,운,
隕,,u,n,운,R
樁,tʰ,ju,ŋ,튜ᇰ,L
帥,s,o,r,솔,H
蟀,s,o,r,솔,H
率,s,o,r,솔,H
分,p,u,n,분,L
分,pʰ,u,n,푼,
粉,p,u,n,분,R/H
粉,pʰ,u,n,푼,
糞,p,u,n,분,R
奮,p,u,n,분,R
僨,p,u,n,분,R
饙,p,u,n,분,L
芬,p,u,n,분,L
紛,p,u,n,분,L
氛,p,u,n,분,L
焚,p,u,n,분,L
墳,p,u,n,분,L
豶,p,u,n,분,L
枌,p,u,n,분,L
氛,p,u,n,분,L
蚡,p,u,n,분,L
濆,p,u,n,분,L
鼢,p,u,n,분,L
憤,p,u,n,분,R
忿,p,u,n,분,R
坌,p,u,n,분,R
分,p,u,n,분,R/H
文,m,u,n,문,L
紋,m,u,n,문,L
蚊,m,u,n,문,L
聞,m,u,n,문,L
問,m,u,n,문,R
璺,m,u,n,문,R
聞,m,u,n,문,R
汶,m,u,n,문,R
君,k,u,n,군,L
軍,k,u,n,군,L
皸,k,u,n,군,L
莙,k,u,n,군,L
群,k,u,n,군,L
裙,k,u,n,군,L
郡,k,u,n,군,R
熏,h,u,n,훈,L
勳,h,u,n,훈,L
葷,h,u,n,훈,L
纁,h,u,n,훈,L
訓,h,u,n,훈,R
云,,u,n,운,L
雲,,u,n,운,L
耘,,u,n,운,L
芸,,u,n,운,L
韻,,u,n,운,
運,,u,n,운,R
暈,,u,n,운,R
餫,,u,n,운,R
屈,k,u,r,굴,H
崛,k,u,r,굴,
堀,k,u,r,굴,
蔚,,u,r,울,H
熨,,u,r,울,H
鬱,,u,r,울,H
不,p,ɨ,r,블,H
弗,p,ɨ,r,블,H
黻,p,ɨ,r,블,H
拂,p,ɨ,r,블,H
佛,p,ɨ,r,블,H
物,m,ɨ,r,믈,H
勿,m,ɨ,r,믈,H
氳,,o,n,온,L
韞,,o,n,온,R
蘊,,o,n,온,R
慍,,o,n,온,R
緼,,o,n,온,R
醖,,o,n,온,R
吻,m,ɨ,n,믄,R
佛,p,u,r,불,H
榜,p,a,ŋ,바ᇰ,R
蒡,p,a,ŋ,바ᇰ,L
謗,p,a,ŋ,바ᇰ,R
螃,p,a,ŋ,바ᇰ,L
傍,p,a,ŋ,바ᇰ,L
彷,p,a,ŋ,바ᇰ,L
膀,p,a,ŋ,바ᇰ,L
忙,m,a,ŋ,마ᇰ,L
莽,m,a,ŋ,마ᇰ,H
蟒,m,a,ŋ,마ᇰ,H
當,t,a,ŋ,다ᇰ,L
襠,t,a,ŋ,다ᇰ,L
璫,t,a,ŋ,다ᇰ,L
黨,t,a,ŋ,다ᇰ,R/H
當,t,a,ŋ,다ᇰ,R
湯,tʰ,a,ŋ,타ᇰ,L
帑,tʰ,a,ŋ,타ᇰ,R
儻,t,a,ŋ,다ᇰ,
盪,tʰ,a,ŋ,타ᇰ,R
鐋,tʰ,a,ŋ,타ᇰ,R
堂,t,a,ŋ,다ᇰ,L
棠,t,a,ŋ,다ᇰ,L
螳,t,a,ŋ,다ᇰ,L
囊,n,a,ŋ,나ᇰ,L
曩,n,a,ŋ,나ᇰ,R
郎,r,a,ŋ,라ᇰ,L
廊,r,a,ŋ,라ᇰ,L
狼,r,a,ŋ,라ᇰ,L
螂,r,a,ŋ,라ᇰ,L
稂,r,a,ŋ,라ᇰ,L
浪,r,a,ŋ,라ᇰ,R
蜋,r,a,ŋ,라ᇰ,
贓,ts,a,ŋ,자ᇰ,L
臧,ts,a,ŋ,자ᇰ,L
葬,ts,a,ŋ,자ᇰ,R
倉,tsʰ,a,ŋ,차ᇰ,L/R
蒼,tsʰ,a,ŋ,차ᇰ,L
鶬,tsʰ,a,ŋ,차ᇰ,L
藏,ts,a,ŋ,자ᇰ,L
藏,ts,a,ŋ,자ᇰ,R/H
桑,s,a,ŋ,사ᇰ,L
喪,s,a,ŋ,사ᇰ,L
磉,s,a,ŋ,사ᇰ,R
嗓,s,a,ŋ,사ᇰ,R
顙,s,a,ŋ,사ᇰ,R
崗,k,a,ŋ,가ᇰ,L
剛,k,a,ŋ,가ᇰ,L
綱,k,a,ŋ,가ᇰ,L
亢,k,a,ŋ,가ᇰ,L
康,k,a,ŋ,가ᇰ,L
糠,k,a,ŋ,가ᇰ,
穅,k,a,ŋ,가ᇰ,L
炕,k,a,ŋ,가ᇰ,R
炕,kʰ,a,ŋ,카ᇰ,
伉,h,a,ŋ,하ᇰ,R
昂,,a,ŋ,아ᇰ,L
枊,,a,ŋ,아ᇰ,L
行,h,a,ŋ,하ᇰ,L
航,h,a,ŋ,하ᇰ,L
吭,h,a,ŋ,하ᇰ,L
沆,h,a,ŋ,하ᇰ,R/L
行,h,a,ŋ,하ᇰ,R
盎,,a,ŋ,아ᇰ,R
貉,r,a,k,락,H
蕩,tʰ,a,ŋ,타ᇰ,R
盪,tʰ,a,ŋ,타ᇰ,R
唐,t,a,ŋ,다ᇰ,L
唐,tʰ,a,ŋ,타ᇰ,
糖,t,a,ŋ,다ᇰ,L
糖,tʰ,a,ŋ,타ᇰ,
塘,t,a,ŋ,다ᇰ,L
搪,t,a,ŋ,다ᇰ,
膛,t,a,ŋ,다ᇰ,L
煻,t,a,ŋ,다ᇰ,L
螗,t,a,ŋ,다ᇰ,L
喪,s,a,ŋ,사ᇰ,R
博,p,a,k,박,H
餺,p,a,k,박,H
愽,p,a,k,박,H
煿,p,a,k,박,H
粕,p,a,k,박,H
膊,p,a,k,박,H
濼,p,a,k,박,H
薄,p,a,k,박,H
箔,p,a,k,박,H
簿,p,a,k,박,H
莫,m,a,k,막,H
膜,m,a,k,막,H
幕,m,a,k,막,H
漠,m,a,k,막,H
託,tʰ,a,k,탁,H
托,tʰ,a,k,탁,H
槖,tʰ,a,k,탁,H
籜,tʰ,a,k,탁,H
驝,tʰ,a,k,탁,H
飥,tʰ,a,k,탁,H
鐸,tʰ,a,k,탁,H
度,tʰ,a,k,탁,H
諾,r,a,k,락,H
諾,n,a,k,낙,H
落,r,a,k,락,H
駱,r,a,k,락,H
酪,r,a,k,락,H
洛,r,a,k,락,H
絡,r,a,k,락,H
樂,r,a,k,락,H
珞,r,a,k,락,H
作,ts,a,k,작,H
錯,tsʰ,a,k,착,H
鑿,tsʰ,a,k,착,H
昨,ts,a,k,작,H
柞,ts,a,k,작,H
怍,ts,a,k,작,H
索,s,a,k,삭,H
各,k,a,k,각,H
閣,k,a,k,각,H
胳,k,a,k,각,H
顎,,a,k,악,H
愕,,a,k,악,H
諤,,a,k,악,H
鍔,,a,k,악,H
萼,,a,k,악,H
壑,h,a,k,학,H
臛,h,a,k,학,H
鶴,h,a,k,학,H
貉,h,a,k,학,H
惡,,a,k,악,H
堊,,a,k,악,H
光,k,wa,ŋ,과ᇰ,L
胱,k,wa,ŋ,과ᇰ,L
廣,k,wa,ŋ,과ᇰ,R
曠,k,wa,ŋ,과ᇰ,R/H
纊,k,wa,ŋ,과ᇰ,R
壙,k,wa,ŋ,과ᇰ,R
荒,h,wa,ŋ,화ᇰ,L
謊,h,wa,ŋ,화ᇰ,R
黃,h,wa,ŋ,화ᇰ,L
皇,h,wa,ŋ,화ᇰ,L
蝗,h,wa,ŋ,화ᇰ,L
煌,h,wa,ŋ,화ᇰ,
徨,h,wa,ŋ,화ᇰ,L
惶,h,wa,ŋ,화ᇰ,L
隍,h,wa,ŋ,화ᇰ,L
凰,h,wa,ŋ,화ᇰ,L
篁,h,wa,ŋ,화ᇰ,L
湟,h,wa,ŋ,화ᇰ,L
蟥,h,wa,ŋ,화ᇰ,L
幌,h,wa,ŋ,화ᇰ,R
汪,,wa,ŋ,와ᇰ,L
郭,k,wa,k,곽,H
椁,k,wa,k,곽,H
槨,k,wa,k,곽,H
籗,k,wa,k,곽,H
鞟,k,wa,k,곽,H
鞹,k,wa,k,곽,H
霍,k,wa,k,곽,H
彍,h,wa,k,확,H
癨,h,wa,k,확,H
臛,h,wa,k,확,H
鑊,h,wa,k,확,H
穫,h,wa,k,확,H
蠖,h,wa,k,확,H
雘,h,wa,k,확,H
丈,t,a,ŋ,다ᇰ,H
莊,ts,a,ŋ,자ᇰ,L
裝,ts,a,ŋ,자ᇰ,L
粧,ts,a,ŋ,자ᇰ,L
壯,ts,a,ŋ,자ᇰ,R
瘡,tsʰ,a,ŋ,차ᇰ,L
創,tsʰ,a,ŋ,차ᇰ,R/H
牀,s,a,ŋ,사ᇰ,L
床,s,a,ŋ,사ᇰ,L
狀,ts,a,ŋ,자ᇰ,R
霜,s,a,ŋ,사ᇰ,L
孀,s,a,ŋ,사ᇰ,L
爽,s,a,ŋ,사ᇰ,R
疆,k,a,ŋ,가ᇰ,L
薑,k,a,ŋ,가ᇰ,L
礓,k,a,ŋ,가ᇰ,L
姜,k,a,ŋ,가ᇰ,L
韁,k,a,ŋ,가ᇰ,L
襁,k,a,ŋ,가ᇰ,R
糨,k,a,ŋ,가ᇰ,R
羌,k,a,ŋ,가ᇰ,L
蜣,k,a,ŋ,가ᇰ,L
強,k,a,ŋ,가ᇰ,L
強,k,a,ŋ,가ᇰ,R
彊,k,a,ŋ,가ᇰ,R
仰,,a,ŋ,아ᇰ,R
仰,,a,ŋ,아ᇰ,R
秧,,a,ŋ,아ᇰ,L
殃,,a,ŋ,아ᇰ,
鴦,,a,ŋ,아ᇰ,L
胦,,a,ŋ,아ᇰ,L
脚,k,a,k,각,H
卻,k,a,k,각,H
虐,h,a,k,학,H
瘧,h,a,k,학,H
槍,tsʰ,a,ŋ,차ᇰ,L
搶,tsʰ,a,ŋ,차ᇰ,R/H
襄,z,ja,ŋ,ᅀᅣᇰ,L
驤,,ja,ŋ,야ᇰ,L
釀,,ja,ŋ,야ᇰ,R
餉,h,ja,ŋ,햐ᇰ,R
涼,n,je,ŋ,녀ᇰ,L
娘,n,ja,ŋ,냐ᇰ,L
孃,n,ja,ŋ,냐ᇰ,L
良,r,ja,ŋ,랴ᇰ,L
涼,r,ja,ŋ,랴ᇰ,L
量,r,ja,ŋ,랴ᇰ,L
糧,r,ja,ŋ,랴ᇰ,L
梁,r,ja,ŋ,랴ᇰ,L
樑,r,ja,ŋ,랴ᇰ,L
蜋,r,ja,ŋ,랴ᇰ,L
兩,r,ja,ŋ,랴ᇰ,R
魎,r,ja,ŋ,랴ᇰ,
亮,r,ja,ŋ,랴ᇰ,H
諒,r,ja,ŋ,랴ᇰ,H
輛,r,ja,ŋ,랴ᇰ,R
量,r,ja,ŋ,랴ᇰ,H
將,ts,ja,ŋ,쟈ᇰ,L
漿,ts,ja,ŋ,쟈ᇰ,L
槳,ts,ja,ŋ,쟈ᇰ,L
醬,ts,ja,ŋ,쟈ᇰ,H
將,ts,ja,ŋ,쟈ᇰ,R
牆,ts,ja,ŋ,쟈ᇰ,L
檣,ts,ja,ŋ,쟈ᇰ,L
蔷,ts,ja,ŋ,쟈ᇰ,L
嬙,ts,ja,ŋ,쟈ᇰ,L
匠,ts,ja,ŋ,쟈ᇰ,R
相,s,ja,ŋ,샤ᇰ,L
箱,s,ja,ŋ,샤ᇰ,L
廂,s,ja,ŋ,샤ᇰ,L
緗,s,ja,ŋ,샤ᇰ,L
想,s,ja,ŋ,샤ᇰ,H
詳,s,ja,ŋ,샤ᇰ,L
祥,s,ja,ŋ,샤ᇰ,L
翔,s,ja,ŋ,샤ᇰ,L
庠,s,ja,ŋ,샤ᇰ,L
象,s,ja,ŋ,샤ᇰ,H
像,s,ja,ŋ,샤ᇰ,H
橡,s,ja,ŋ,샤ᇰ,H
相,s,ja,ŋ,샤ᇰ,H
張,t,ja,ŋ,댜ᇰ,L
長,t,ja,ŋ,댜ᇰ,R
帳,t,ja,ŋ,댜ᇰ,R
脹,tʰ,ja,ŋ,탸ᇰ,R
漲,tʰ,ja,ŋ,탸ᇰ,R
韔,tʰ,ja,ŋ,탸ᇰ,R
長,t,ja,ŋ,댜ᇰ,L
腸,t,ja,ŋ,댜ᇰ,L
腸,tsʰ,ja,ŋ,챠ᇰ,L
場,t,ja,ŋ,댜ᇰ,L
場,r,ja,ŋ,랴ᇰ,L
丈,t,ja,ŋ,댜ᇰ,R
仗,t,ja,ŋ,댜ᇰ,R
杖,t,ja,ŋ,댜ᇰ,R
仗,t,ja,ŋ,댜ᇰ,R
章,ts,ja,ŋ,쟈ᇰ,L
慞,ts,ja,ŋ,쟈ᇰ,
彰,ts,ja,ŋ,쟈ᇰ,L
獐,ts,ja,ŋ,쟈ᇰ,L
掌,ts,ja,ŋ,쟈ᇰ,R
障,ts,ja,ŋ,쟈ᇰ,R
嶂,ts,ja,ŋ,쟈ᇰ,R
昌,tsʰ,ja,ŋ,챠ᇰ,L
菖,tsʰ,ja,ŋ,챠ᇰ,L
娼,tsʰ,ja,ŋ,챠ᇰ,L
廠,tsʰ,ja,ŋ,챠ᇰ,L
唱,tsʰ,ja,ŋ,챠ᇰ,R
商,s,ja,ŋ,샤ᇰ,L
傷,s,ja,ŋ,샤ᇰ,L
觴,s,ja,ŋ,샤ᇰ,L
賞,s,ja,ŋ,샤ᇰ,R/H
晌,s,ja,ŋ,샤ᇰ,H
常,s,ja,ŋ,샤ᇰ,L
嘗,s,ja,ŋ,샤ᇰ,L
裳,s,ja,ŋ,샤ᇰ,L
償,s,ja,ŋ,샤ᇰ,L
尚,s,ja,ŋ,샤ᇰ,L
上,s,ja,ŋ,샤ᇰ,R
尚,s,ja,ŋ,샤ᇰ,H
上,s,ja,ŋ,샤ᇰ,H
穰,z,ja,ŋ,ᅀᅣᇰ,L
禳,,ja,ŋ,야ᇰ,L
蘘,,ja,ŋ,야ᇰ,L
攘,z,ja,ŋ,ᅀᅣᇰ,L
香,h,ja,ŋ,햐ᇰ,L
鄉,h,ja,ŋ,햐ᇰ,L
享,h,ja,ŋ,햐ᇰ,R
響,h,ja,ŋ,햐ᇰ,R
曏,h,ja,ŋ,햐ᇰ,R
嚮,h,ja,ŋ,햐ᇰ,
饗,h,ja,ŋ,햐ᇰ,R/L
向,h,ja,ŋ,햐ᇰ,R
羊,,ja,ŋ,야ᇰ,L
洋,,ja,ŋ,야ᇰ,L
烊,,ja,ŋ,야ᇰ,L
楊,,ja,ŋ,야ᇰ,L
陽,,ja,ŋ,야ᇰ,L
揚,,ja,ŋ,야ᇰ,L
養,,ja,ŋ,야ᇰ,R
樣,,ja,ŋ,야ᇰ,
養,,ja,ŋ,야ᇰ,R
恙,,ja,ŋ,야ᇰ,R
煬,,ja,ŋ,야ᇰ,R
瓤,z,ja,ŋ,ᅀᅣᇰ,L
壤,z,ja,ŋ,ᅀᅣᇰ,R
攘,z,ja,ŋ,ᅀᅣᇰ,R
讓,z,ja,ŋ,ᅀᅣᇰ,R
略,r,ja,k,략,H
掠,r,ja,k,략,H
爵,ts,ja,k,쟉,H
雀,ts,ja,k,쟉,H
鵲,ts,ja,k,쟉,H
芍,ts,ja,k,쟉,H
嚼,ts,ja,k,쟉,H
削,s,ja,k,샥,H
著,tʰ,ja,k,탹,H
着,tʰ,ja,k,탹,H
著,tʰ,ja,k,탹,H
着,tʰ,ja,k,탹,H
酌,ts,ja,k,쟉,H
勺,ts,ja,k,쟉,H
灼,ts,ja,k,쟉,H
妁,ts,ja,k,쟉,H
繳,ts,ja,k,쟉,H
綽,ts,ja,k,쟉,H
爍,s,ja,k,샥,H
芍,s,ja,k,샥,H
杓,s,ja,k,샥,H
杓,ts,ja,k,쟉,H
若,z,ja,k,ᅀᅣᆨ,H
弱,z,ja,k,ᅀᅣᆨ,H
箬,z,ja,k,ᅀᅣᆨ,H
蹻,k,ja,k,갹,
屩,k,ja,k,갹,
噱,k,ja,k,갹,
臄,k,ja,k,갹,
醵,k,ja,k,갹,
約,,ja,k,약,H
藥,,ja,k,약,H
鑰,,ja,k,약,H
躍,,ja,k,약,H
籥,,ja,k,약,H
爚,,ja,k,약,H
孀,s,wa,ŋ,솨ᇰ,L
芍,s,ja,,샤,R
杓,ts,ja,,쟈,H
方,p,a,ŋ,바ᇰ,L
坊,p,a,ŋ,바ᇰ,L
昉,p,a,ŋ,바ᇰ,L
放,p,a,ŋ,바ᇰ,R
舫,p,a,ŋ,바ᇰ,L
芳,p,a,ŋ,바ᇰ,L
紡,p,a,ŋ,바ᇰ,L
訪,p,a,ŋ,바ᇰ,R
房,p,a,ŋ,바ᇰ,L
防,p,a,ŋ,바ᇰ,L
坊,p,a,ŋ,바ᇰ,L
魴,p,a,ŋ,바ᇰ,L
亡,m,a,ŋ,마ᇰ,L
忘,m,a,ŋ,마ᇰ,L
鋩,m,a,ŋ,마ᇰ,L
網,m,a,ŋ,마ᇰ,H
輞,m,a,ŋ,마ᇰ,H
魍,m,a,ŋ,마ᇰ,
罔,m,a,ŋ,마ᇰ,H/L
妄,m,a,ŋ,마ᇰ,R
望,m,a,ŋ,마ᇰ,R
縛,p,a,k,박,H
網,,wa,ŋ,와ᇰ,H
匡,k,wa,ŋ,과ᇰ,L
筐,k,wa,ŋ,과ᇰ,L
狂,k,wa,ŋ,과ᇰ,L
誑,k,wa,ŋ,과ᇰ,R/L
誆,k,wa,ŋ,과ᇰ,R
況,k,wa,ŋ,과ᇰ,R
枉,,wa,ŋ,와ᇰ,R
王,,wa,ŋ,와ᇰ,L
往,,wa,ŋ,와ᇰ,R
王,,wa,ŋ,와ᇰ,L
钁,h,wa,k,확,H
躩,h,wa,k,확,H
籰,,ja,k,약,H
邦,p,a,ŋ,바ᇰ,L
肨,pʰ,a,ŋ,파ᇰ,H
龐,p,a,ŋ,바ᇰ,L
棒,p,a,ŋ,바ᇰ,L
蚌,p,a,ŋ,바ᇰ,L
幢,t,a,ŋ,다ᇰ,L
戅,t,a,ŋ,다ᇰ,R
窗,tsʰ,a,ŋ,차ᇰ,L
雙,s,a,ŋ,사ᇰ,L
瀧,s,a,ŋ,사ᇰ,L
江,k,a,ŋ,가ᇰ,L
扛,k,a,ŋ,가ᇰ,L
豇,k,a,ŋ,가ᇰ,L
矼,k,a,ŋ,가ᇰ,L
講,k,a,ŋ,가ᇰ,R
港,k,a,ŋ,가ᇰ,R
降,k,a,ŋ,가ᇰ,R
洚,k,a,ŋ,가ᇰ,R
絳,k,a,ŋ,가ᇰ,R
腔,k,a,ŋ,가ᇰ,L
肛,h,a,ŋ,하ᇰ,L
降,h,a,ŋ,하ᇰ,L
缸,h,a,ŋ,하ᇰ,L
項,h,a,ŋ,하ᇰ,R
巷,h,a,ŋ,하ᇰ,R
爆,p,a,k,박,H
樸,p,a,k,박,H
朴,p,a,k,박,H
雹,p,a,k,박,H
骲,p,a,k,박,H
鰒,p,a,k,박,H
桌,tʰ,a,k,탁,H
琢,tʰ,a,k,탁,H
啄,tʰ,a,k,탁,H
椓,tʰ,a,k,탁,H
瘃,tʰ,a,k,탁,H
濁,tʰ,a,k,탁,H
捉,tsʰ,a,k,착,
鋜,tsʰ,a,k,착,H
朔,s,a,k,삭,H
槊,s,a,k,삭,H
數,s,a,k,삭,H
嗍,s,a,k,삭,H
覺,k,a,k,각,H
角,k,a,k,각,H
捔,k,a,k,각,H
殼,k,a,k,각,H
嶽,,a,k,악,H
樂,ŋ,a,k,ᅌᅡᆨ,H
樂,,a,k,악,H
确,k,a,k,각,H
握,,a,k,악,H
幄,,a,k,악,H
藐,,ja,k,약,
鰒,p,o,k,복,H
厖,p,a,ŋ,바ᇰ,L
邈,m,a,k,막,H
樁,ts,wa,ŋ,좌ᇰ,L
窗,ts,wa,ŋ,좌ᇰ,L
雙,s,wa,ŋ,솨ᇰ,L
確,h,wa,k,확,H
藐,m,ja,k,먁,H
學,h,ə,k,ᄒᆞᆨ,H
鷽,h,ə,k,ᄒᆞᆨ,H
桌,ts,o,,조,
墨,m,e,k,먹,
德,t,e,k,덕,H
賊,ts,e,k,적,H
亙,h,ə,ŋ,ᄒᆞᇰ,
恆,h,ə,ŋ,ᄒᆞᇰ,L
刻,h,ə,k,ᄒᆞᆨ,H
朋,p,ɨ,ŋ,브ᇰ,L
鵬,p,ɨ,ŋ,브ᇰ,
堋,p,ɨ,ŋ,브ᇰ,L
登,t,ɨ,ŋ,드ᇰ,L
燈,t,ɨ,ŋ,드ᇰ,L
等,t,ɨ,ŋ,드ᇰ,R
騰,t,ɨ,ŋ,드ᇰ,L
藤,t,ɨ,ŋ,드ᇰ,L
疼,t,ɨ,ŋ,드ᇰ,L
籐,t,ɨ,ŋ,드ᇰ,L
縢,t,ɨ,ŋ,드ᇰ,L
凳,t,ɨ,ŋ,드ᇰ,R
鐙,t,ɨ,ŋ,드ᇰ,R
橙,t,ɨ,ŋ,드ᇰ,L
鄧,t,ɨ,ŋ,드ᇰ,R/L
能,n,ɨ,ŋ,느ᇰ,L
能,r,ɨ,ŋ,르ᇰ,L
楞,r,ɨ,ŋ,르ᇰ,L
曾,ts,ɨ,ŋ,즈ᇰ,L
增,ts,ɨ,ŋ,즈ᇰ,L
罾,ts,ɨ,ŋ,즈ᇰ,R
矰,ts,ɨ,ŋ,즈ᇰ,L/R
曾,ts,ɨ,ŋ,즈ᇰ,L
層,tsʰ,ɨ,ŋ,츠ᇰ,L
贈,ts,ɨ,ŋ,즈ᇰ,R
僧,s,ɨ,ŋ,스ᇰ,L
肯,k,ɨ,ŋ,그ᇰ,R
北,p,ɨ,k,븍,H
踣,p,ɨ,k,븍,
得,t,ɨ,k,득,H
忒,tʰ,ɨ,k,특,H
肋,r,ɨ,k,륵,H
裓,k,ɨ,k,극,
黑,h,ɨ,k,흑,H
塞,s,əi,k,ᄉᆡᆨ,H
蔔,p,o,k,복,H
墨,m,ɨ,k,믁,H
默,m,ɨ,k,믁,H
冒,m,ɨ,k,믁,H
慝,tʰ,ɨ,k,특,H
特,tʰ,ɨ,k,특,H
勒,r,ɨ,k,륵,H
鰳,r,ɨ,k,륵,H
克,k,ɨ,k,극,H
剋,k,ɨ,k,극,
弘,h,o,ŋ,호ᇰ,L
或,h,o,k,혹,H
惑,h,o,k,혹,H
薨,h,u,ŋ,후ᇰ,L
國,k,u,k,국,H
肱,k,ɨ,ŋ,그ᇰ,L
肱,k,oi,ŋ,괴ᇰ,L
冰,p,i,ŋ,비ᇰ,L
憑,p,i,ŋ,비ᇰ,L
馮,p,i,ŋ,비ᇰ,L
徵,t,i,ŋ,디ᇰ,L
澄,t,i,ŋ,디ᇰ,L
稱,tsʰ,i,ŋ,치ᇰ,L
稱,tsʰ,i,ŋ,치ᇰ,R
秤,tsʰ,i,ŋ,치ᇰ,
仍,,i,ŋ,이ᇰ,L
孕,,i,ŋ,이ᇰ,R
媵,,i,ŋ,이ᇰ,R
匿,n,i,k,닉,
匿,r,i,k,릭,
稷,ts,i,k,직,H
息,s,i,k,식,H
飭,tʰ,i,k,틱,H
鶒,tʰ,i,k,틱,H
敕,tʰ,i,k,틱,H
直,t,i,k,딕,
值,tʰ,i,k,틱,
織,ts,i,k,직,H
職,ts,i,k,직,H
食,s,i,k,식,H
蝕,s,i,k,식,H
式,s,i,k,식,H
飾,s,i,k,식,H
拭,s,i,k,식,H
軾,s,i,k,식,H
殖,s,i,k,식,H
植,s,i,k,식,H
寔,s,i,k,식,H
翼,,i,k,익,H
弋,,i,k,익,H
翊,,i,k,익,H
翌,,i,k,익,H
杙,,i,k,익,H
釴,,i,k,익,H
陵,r,ɨ,ŋ,르ᇰ,L
蒸,ts,ɨ,ŋ,즈ᇰ,L
烝,ts,ɨ,ŋ,즈ᇰ,L
拯,ts,ɨ,ŋ,즈ᇰ,R/L
衿,k,ɨ,ŋ,그ᇰ,L
興,h,ɨ,ŋ,흐ᇰ,L
應,,ɨ,ŋ,으ᇰ,L
蠅,s,ɨ,ŋ,스ᇰ,L
繒,ts,ɨ,ŋ,즈ᇰ,L
甑,ts,ɨ,ŋ,즈ᇰ,R
澄,t,ɨ,ŋ,드ᇰ,L
即,ts,ɨ,k,즉,H
鯽,ts,ɨ,k,즉,H
凌,r,ɨ,ŋ,르ᇰ,L
綾,r,ɨ,ŋ,르ᇰ,L
菱,r,ɨ,ŋ,르ᇰ,L
證,ts,ɨ,ŋ,즈ᇰ,R
秤,tsʰ,ɨ,ŋ,츠ᇰ,
乘,s,ɨ,ŋ,스ᇰ,L
繩,s,ɨ,ŋ,스ᇰ,L
乘,s,ɨ,ŋ,스ᇰ,R/H
升,s,ɨ,ŋ,스ᇰ,L
勝,s,ɨ,ŋ,스ᇰ,L
昇,s,ɨ,ŋ,스ᇰ,
陞,s,ɨ,ŋ,스ᇰ,
勝,s,ɨ,ŋ,스ᇰ,R
榺,s,ɨ,ŋ,스ᇰ,R
承,s,ɨ,ŋ,스ᇰ,L
丞,s,ɨ,ŋ,스ᇰ,L
兢,k,ɨ,ŋ,그ᇰ,L
凝,,ɨ,ŋ,으ᇰ,L
興,h,ɨ,ŋ,흐ᇰ,R
鷹,,ɨ,ŋ,으ᇰ,R
膺,,ɨ,ŋ,으ᇰ,L/R
應,,ɨ,ŋ,으ᇰ,R
力,r,ɨ,k,륵,H
側,tsʰ,ɨ,k,측,H
仄,tsʰ,ɨ,k,측,H
測,tsʰ,ɨ,k,측,H
惻,tsʰ,ɨ,k,측,H
廁,tsʰ,ɨ,k,측,H
棘,k,ɨ,k,극,H
亟,k,ɨ,k,극,H
襋,k,ɨ,k,극,H
稱,tsʰ,i,n,친,
仍,z,i,n,ᅀᅵᆫ,L
逼,pʰ,i,p,핍,H
煏,pʰ,i,p,핍,H
昃,tsʰ,əi,k,ᄎᆡᆨ,H
色,s,əi,k,ᄉᆡᆨ,
嗇,s,əi,k,ᄉᆡᆨ,H
穡,s,əi,k,ᄉᆡᆨ,H
堛,p,je,k,벽,H
力,r,je,k,력,H
嶷,,e,k,억,
憶,,e,k,억,
億,,e,k,억,H
抑,,e,k,억,H
臆,,e,k,억,H
直,ts,i,,지,
食,s,i,,시,
洫,h,je,k,혁,H
閾,,je,k,역,H
域,,je,k,역,H
迫,p,a,k,박,H
拍,p,a,k,박,H
珀,p,a,k,박,H
泊,p,a,k,박,H
拆,tʰ,a,k,탁,H
骼,k,a,k,각,H
烹,pʰ,əi,ŋ,ᄑᆡᇰ,L
彭,pʰ,əi,ŋ,ᄑᆡᇰ,L
盲,m,əi,ŋ,ᄆᆡᇰ,L
虻,m,əi,ŋ,ᄆᆡᇰ,L
猛,m,əi,ŋ,ᄆᆡᇰ,R
孟,m,əi,ŋ,ᄆᆡᇰ,R
盟,m,əi,ŋ,ᄆᆡᇰ,H
冷,r,əi,ŋ,ᄅᆡᇰ,R
撐,tʰ,əi,ŋ,ᄐᆡᇰ,L
鐺,tʰ,əi,ŋ,ᄐᆡᇰ,L
生,s,əi,ŋ,ᄉᆡᇰ,L
牲,s,əi,ŋ,ᄉᆡᇰ,L
笙,s,əi,ŋ,ᄉᆡᇰ,L
甥,s,əi,ŋ,ᄉᆡᇰ,L
鉎,s,əi,ŋ,ᄉᆡᇰ,L
鼪,s,əi,ŋ,ᄉᆡᇰ,L
猩,s,əi,ŋ,ᄉᆡᇰ,L
省,s,əi,ŋ,ᄉᆡᇰ,
更,k,əi,ŋ,ᄀᆡᇰ,L
羹,k,əi,ŋ,ᄀᆡᇰ,L/R
哽,k,əi,ŋ,ᄀᆡᇰ,
梗,k,əi,ŋ,ᄀᆡᇰ,L
更,k,əi,ŋ,ᄀᆡᇰ,R
坑,k,əi,ŋ,ᄀᆡᇰ,L
行,h,əi,ŋ,ᄒᆡᇰ,L
桁,h,əi,ŋ,ᄒᆡᇰ,L
杏,h,əi,ŋ,ᄒᆡᇰ,R
行,h,əi,ŋ,ᄒᆡᇰ,R
胻,h,əi,ŋ,ᄒᆡᇰ,R
棚,p,ɨ,ŋ,브ᇰ,L
瞠,t,a,ŋ,다ᇰ,
鐺,t,a,ŋ,다ᇰ,L
舶,m,əi,k,ᄆᆡᆨ,H
鋥,t,je,ŋ,뎌ᇰ,R
百,p,əi,k,ᄇᆡᆨ,H
伯,p,əi,k,ᄇᆡᆨ,H
栢,p,əi,k,ᄇᆡᆨ,H
拍,p,əi,k,ᄇᆡᆨ,H
魄,p,əi,k,ᄇᆡᆨ,H
珀,p,əi,k,ᄇᆡᆨ,H
白,p,əi,k,ᄇᆡᆨ,H
帛,p,əi,k,ᄇᆡᆨ,H
舶,p,əi,k,ᄇᆡᆨ,H
陌,m,əi,k,ᄆᆡᆨ,H
貊,m,əi,k,ᄆᆡᆨ,H
驀,m,əi,k,ᄆᆡᆨ,
搦,n,əi,k,ᄂᆡᆨ,
坼,tʰ,əi,k,ᄐᆡᆨ,H
澤,tʰ,əi,k,ᄐᆡᆨ,H
擇,tʰ,əi,k,ᄐᆡᆨ,H
檡,tʰ,əi,k,ᄐᆡᆨ,H
宅,tʰ,əi,k,ᄐᆡᆨ,H
宅,t,əi,k,ᄃᆡᆨ,H
窄,tsʰ,əi,k,ᄎᆡᆨ,H
嘖,tsʰ,əi,k,ᄎᆡᆨ,
柵,tsʰ,əi,k,ᄎᆡᆨ,H
索,s,əi,k,ᄉᆡᆨ,H
客,k,əi,k,ᄀᆡᆨ,H
額,,əi,k,ᄋᆡᆨ,H
棖,t,je,ŋ,뎌ᇰ,L
更,k,je,ŋ,겨ᇰ,L
粳,k,je,ŋ,겨ᇰ,L
庚,k,je,ŋ,겨ᇰ,L
梗,k,je,ŋ,겨ᇰ,R
綆,k,je,ŋ,겨ᇰ,R
莄,k,je,ŋ,겨ᇰ,L
亨,h,je,ŋ,혀ᇰ,L
衡,h,je,ŋ,혀ᇰ,
格,k,je,k,격,H
假,k,je,k,격,H
赫,h,je,k,혁,H
白,p,əi,,ᄇᆡ,
萌,m,əi,ŋ,ᄆᆡᇰ,L
氓,m,əi,ŋ,ᄆᆡᇰ,L
甍,m,əi,ŋ,ᄆᆡᇰ,L
盟,m,əi,ŋ,ᄆᆡᇰ,L
黽,m,əi,ŋ,ᄆᆡᇰ,
幀,tʰ,əi,ŋ,ᄐᆡᇰ,
爭,ts,əi,ŋ,ᄌᆡᇰ,L
箏,ts,əi,ŋ,ᄌᆡᇰ,L
諍,ts,əi,ŋ,ᄌᆡᇰ,R
爭,ts,əi,ŋ,ᄌᆡᇰ,R
鏗,k,əi,ŋ,ᄀᆡᇰ,L
莖,k,əi,ŋ,ᄀᆡᇰ,L
幸,h,əi,ŋ,ᄒᆡᇰ,R
鸚,,əi,ŋ,ᄋᆡᇰ,L
櫻,,əi,ŋ,ᄋᆡᇰ,L
鸎,,əi,ŋ,ᄋᆡᇰ,L
麥,m,əi,k,ᄆᆡᆨ,H
脈,m,əi,k,ᄆᆡᆨ,H
責,tsʰ,əi,k,ᄎᆡᆨ,H
謮,tsʰ,əi,k,ᄎᆡᆨ,H
策,tsʰ,əi,k,ᄎᆡᆨ,H
册,tsʰ,əi,k,ᄎᆡᆨ,H
核,h,əi,k,ᄒᆡᆨ,H
覈,k,əi,k,ᄀᆡᆨ,H
軛,,əi,k,ᄋᆡᆨ,H
厄,,əi,k,ᄋᆡᆨ,H
隘,,əi,k,ᄋᆡᆨ,H
阸,,əi,k,ᄋᆡᆨ,H
黽,m,je,ŋ,며ᇰ,R
迸,p,je,ŋ,벼ᇰ,R
幀,t,je,ŋ,뎌ᇰ,
諍,ts,je,ŋ,져ᇰ,
耕,k,je,ŋ,겨ᇰ,L
硜,k,je,ŋ,겨ᇰ,L
罌,,je,ŋ,여ᇰ,L
檗,p,je,k,벽,
薜,p,je,k,벽,H
謫,t,je,k,뎍,H
幘,ts,je,k,젹,H
革,h,je,k,혁,H
隔,k,je,k,격,H
膈,k,je,k,격,H
翮,k,je,k,격,H
耕,k,e,ŋ,거ᇰ,
謫,t,e,k,덕,
繃,p,ɨ,ŋ,브ᇰ,L
觥,k,oi,ŋ,괴ᇰ,L
橫,h,oi,ŋ,회ᇰ,L
虢,k,oi,k,괵,
宏,k,oi,ŋ,괴ᇰ,L
紘,k,oi,ŋ,괴ᇰ,L
馘,k,oi,k,괵,
獲,h,oi,k,획,H
畫,h,oi,k,획,H
膕,k,u,k,국,H
蟈,k,u,k,국,H
兵,p,je,ŋ,벼ᇰ,L
丙,p,je,ŋ,벼ᇰ,R
秉,p,je,ŋ,벼ᇰ,R
柄,p,je,ŋ,벼ᇰ,R
平,pʰ,je,ŋ,펴ᇰ,L
坪,pʰ,je,ŋ,펴ᇰ,L
評,pʰ,je,ŋ,펴ᇰ,L
枰,pʰ,je,ŋ,펴ᇰ,L
病,p,je,ŋ,벼ᇰ,R
鳴,m,je,ŋ,며ᇰ,L
明,m,je,ŋ,며ᇰ,L
皿,m,je,ŋ,며ᇰ,R
命,m,je,ŋ,며ᇰ,R
京,k,je,ŋ,겨ᇰ,L
荊,h,je,ŋ,혀ᇰ,L
驚,k,je,ŋ,겨ᇰ,L
蟼,k,je,ŋ,겨ᇰ,L
境,k,je,ŋ,겨ᇰ,R/H
景,k,je,ŋ,겨ᇰ,R/H
警,k,je,ŋ,겨ᇰ,R
敬,k,je,ŋ,겨ᇰ,R/H
竟,k,je,ŋ,겨ᇰ,R/H
鏡,k,je,ŋ,겨ᇰ,R/H
慶,k,je,ŋ,겨ᇰ,R
卿,k,je,ŋ,겨ᇰ,L
鯨,k,je,ŋ,겨ᇰ,L
檠,k,je,ŋ,겨ᇰ,L
黥,k,je,ŋ,겨ᇰ,L
競,k,je,ŋ,겨ᇰ,R
迎,,je,ŋ,여ᇰ,L
英,,je,ŋ,여ᇰ,L
影,,je,ŋ,여ᇰ,R
映,,je,ŋ,여ᇰ,R
碧,p,je,k,벽,H
綌,p,je,k,벽,H
逆,,je,k,역,H
戟,k,ɨ,k,극,H
隙,k,ɨ,k,극,H
劇,k,ɨ,k,극,H
屐,k,ɨ,k,극,H
兄,h,je,ŋ,혀ᇰ,L
兄,s,je,ŋ,셔ᇰ,L
榮,,je,ŋ,여ᇰ,L
蠑,,je,ŋ,여ᇰ,L
永,,je,ŋ,여ᇰ,L
泳,,je,ŋ,여ᇰ,L
詠,,je,ŋ,여ᇰ,L
餅,p,je,ŋ,벼ᇰ,R
屏,p,je,ŋ,벼ᇰ,R/H
倂,p,je,ŋ,벼ᇰ,
并,p,je,ŋ,벼ᇰ,L
名,m,je,ŋ,며ᇰ,L
令,r,je,ŋ,려ᇰ,L
領,r,je,ŋ,려ᇰ,R/H
嶺,r,je,ŋ,려ᇰ,R
令,r,je,ŋ,려ᇰ,R/H
睛,ts,je,ŋ,져ᇰ,L
旌,ts,je,ŋ,져ᇰ,L
井,ts,je,ŋ,져ᇰ,R
清,tsʰ,je,ŋ,쳐ᇰ,L
圊,tsʰ,je,ŋ,쳐ᇰ,L
請,tsʰ,je,ŋ,쳐ᇰ,H
凊,ts,je,ŋ,져ᇰ,R
情,tsʰ,je,ŋ,쳐ᇰ,L
晴,tsʰ,je,ŋ,쳐ᇰ,L
靜,ts,je,ŋ,져ᇰ,R
靖,ts,je,ŋ,져ᇰ,R
阱,ts,je,ŋ,져ᇰ,R
穽,ts,je,ŋ,져ᇰ,R
淨,ts,je,ŋ,져ᇰ,R
餳,s,je,ŋ,셔ᇰ,L
省,s,je,ŋ,셔ᇰ,H
性,s,je,ŋ,셔ᇰ,R
姓,s,je,ŋ,셔ᇰ,R
貞,t,je,ŋ,뎌ᇰ,L
禎,t,je,ŋ,뎌ᇰ,L
蟶,t,je,ŋ,뎌ᇰ,L
檉,t,je,ŋ,뎌ᇰ,L
赬,t,je,ŋ,뎌ᇰ,L
呈,t,je,ŋ,뎌ᇰ,L
正,ts,je,ŋ,져ᇰ,L
征,ts,je,ŋ,져ᇰ,L
鉦,ts,je,ŋ,져ᇰ,L
整,ts,je,ŋ,져ᇰ,R
正,ts,je,ŋ,져ᇰ,R
政,ts,je,ŋ,져ᇰ,H
聲,s,je,ŋ,셔ᇰ,L
聖,s,je,ŋ,셔ᇰ,R
成,s,je,ŋ,셔ᇰ,L
城,s,je,ŋ,셔ᇰ,L
誠,s,je,ŋ,셔ᇰ,L
頸,k,je,ŋ,겨ᇰ,R
輕,k,je,ŋ,겨ᇰ,L
嬰,,je,ŋ,여ᇰ,L
纓,,je,ŋ,여ᇰ,L
瓔,,je,ŋ,여ᇰ,L
盈,,je,ŋ,여ᇰ,L
贏,,je,ŋ,여ᇰ,L
楹,,je,ŋ,여ᇰ,L
磧,ts,je,k,젹,H
睛,tsʰ,je,ŋ,쳐ᇰ,L
菁,tsʰ,je,ŋ,쳐ᇰ,L
蜻,tsʰ,je,ŋ,쳐ᇰ,L
逞,r,je,ŋ,려ᇰ,R/H
程,t,je,ŋ,뎌ᇰ,L
裎,t,je,ŋ,뎌ᇰ,L
鄭,t,je,ŋ,뎌ᇰ,R
盛,s,je,ŋ,셔ᇰ,L
筬,s,je,ŋ,셔ᇰ,L
盛,s,je,ŋ,셔ᇰ,R
癭,,je,ŋ,여ᇰ,R
郢,r,je,ŋ,려ᇰ,R
璧,p,je,k,벽,H
躄,p,je,k,벽,
襞,p,je,k,벽,H
辟,p,je,k,벽,H
辟,pʰ,je,k,펵,H
僻,p,je,k,벽,H
闢,p,je,k,벽,H
辟,p,je,k,벽,H
擗,p,je,k,벽,H
積,ts,je,k,젹,H
跡,ts,je,k,젹,H
脊,tsʰ,je,k,쳑,H
襀,ts,je,k,젹,H
鶺,ts,je,k,젹,H
蹟,ts,je,k,젹,H
踖,tsʰ,je,k,쳑,H
刺,tsʰ,je,k,쳑,H
籍,ts,je,k,젹,H
瘠,tsʰ,je,k,쳑,H
塉,tsʰ,je,k,쳑,H
惜,s,je,k,셕,H
昔,s,je,k,셕,H
潟,s,je,k,셕,H
磶,s,je,k,셕,H
腊,s,je,k,셕,H
舃,s,je,k,셕,H
席,s,je,k,셕,H
夕,s,je,k,셕,H
汐,s,je,k,셕,H
穸,s,je,k,셕,H
擲,tʰ,je,k,텩,H
躑,tʰ,je,k,텩,H
蹢,tʰ,je,k,텩,H
隻,tsʰ,je,k,쳑,H
炙,ts,je,k,젹,H
赤,ts,je,k,젹,H
斥,tsʰ,je,k,쳑,H
尺,tsʰ,je,k,쳑,H
蚇,tsʰ,je,k,쳑,H
射,s,je,k,셕,H
釋,s,je,k,셕,H
螫,s,je,k,셕,H
石,s,je,k,셕,H
鉐,s,je,k,셕,H
碩,s,je,k,셕,H
亦,,je,k,역,H
譯,,je,k,역,H
易,,je,k,역,H
射,,je,k,역,H
繹,,je,k,역,H
奕,h,je,k,혁,H
弈,h,je,k,혁,H
蝪,tʰ,je,k,텩,H
驛,,je,k,역,H
嬰,,əi,ŋ,ᄋᆡᇰ,L
液,,əi,k,ᄋᆡᆨ,H
腋,,əi,k,ᄋᆡᆨ,H
掖,,əi,k,ᄋᆡᆨ,H
餅,p,i,ŋ,비ᇰ,
聘,p,i,ŋ,비ᇰ,R
領,r,i,ŋ,리ᇰ,R
請,tsʰ,i,ŋ,치ᇰ,
鉦,ts,i,ŋ,지ᇰ,L
梬,p,i,ŋ,비ᇰ,R
益,,i,k,익,H
赤,ts,i,,지,
赤,tsʰ,i,,치,
赤,s,i,,시,
騂,s,je,ŋ,셔ᇰ,L
傾,k,je,ŋ,겨ᇰ,L
瓊,k,je,ŋ,겨ᇰ,L
頃,k,je,ŋ,겨ᇰ,R
檾,k,je,ŋ,겨ᇰ,R
營,,je,ŋ,여ᇰ,L
潁,,je,ŋ,여ᇰ,L
疫,,je,k,역,H
役,,je,k,역,H
瓶,p,je,ŋ,벼ᇰ,L
屏,p,je,ŋ,벼ᇰ,L
萍,pʰ,je,ŋ,펴ᇰ,L
軿,p,je,ŋ,벼ᇰ,L
並,p,je,ŋ,벼ᇰ,R
銘,m,je,ŋ,며ᇰ,L
冥,m,je,ŋ,며ᇰ,L
暝,m,je,ŋ,며ᇰ,L
榠,m,je,ŋ,며ᇰ,L
瞑,m,je,ŋ,며ᇰ,L
茗,m,je,ŋ,며ᇰ,R
丁,t,je,ŋ,뎌ᇰ,L
釘,t,je,ŋ,뎌ᇰ,L
疔,t,je,ŋ,뎌ᇰ,L
聽,tʰ,je,ŋ,텨ᇰ,L
頂,t,je,ŋ,뎌ᇰ,R
鼎,t,je,ŋ,뎌ᇰ,R
釘,t,je,ŋ,뎌ᇰ,R
碇,t,je,ŋ,뎌ᇰ,R
飣,t,je,ŋ,뎌ᇰ,R
顁,t,je,ŋ,뎌ᇰ,R
廳,tʰ,je,ŋ,텨ᇰ,L
廳,t,je,ŋ,뎌ᇰ,L
汀,t,je,ŋ,뎌ᇰ,L
鞓,t,je,ŋ,뎌ᇰ,L
聽,tʰ,je,ŋ,텨ᇰ,R
聽,t,je,ŋ,뎌ᇰ,R
亭,t,je,ŋ,뎌ᇰ,L
停,t,je,ŋ,뎌ᇰ,L
廷,t,je,ŋ,뎌ᇰ,L
庭,t,je,ŋ,뎌ᇰ,L
蜓,t,je,ŋ,뎌ᇰ,L
聤,t,je,ŋ,뎌ᇰ,L
艇,t,je,ŋ,뎌ᇰ,L
定,t,je,ŋ,뎌ᇰ,R
定,ts,je,ŋ,져ᇰ,R/H/L
寧,n,je,ŋ,녀ᇰ,L
佞,n,je,ŋ,녀ᇰ,R/H
佞,r,je,ŋ,려ᇰ,R
寗,n,je,ŋ,녀ᇰ,H
零,r,je,ŋ,려ᇰ,L
苓,r,je,ŋ,려ᇰ,L
怜,r,je,ŋ,려ᇰ,L
靈,r,je,ŋ,려ᇰ,L
鈴,r,je,ŋ,려ᇰ,L
伶,r,je,ŋ,려ᇰ,L
翎,r,je,ŋ,려ᇰ,L
囹,r,je,ŋ,려ᇰ,L
櫺,r,je,ŋ,려ᇰ,L
聆,r,je,ŋ,려ᇰ,L
蛉,r,je,ŋ,려ᇰ,L
鴒,r,je,ŋ,려ᇰ,L
瓴,r,je,ŋ,려ᇰ,L
青,tsʰ,je,ŋ,쳐ᇰ,L
鯖,tsʰ,je,ŋ,쳐ᇰ,L
星,s,je,ŋ,셔ᇰ,L
腥,s,je,ŋ,셔ᇰ,L
惺,s,je,ŋ,셔ᇰ,
鯹,s,je,ŋ,셔ᇰ,L
經,k,je,ŋ,겨ᇰ,L
徑,k,je,ŋ,겨ᇰ,R/H
磬,k,je,ŋ,겨ᇰ,R/H
馨,h,je,ŋ,혀ᇰ,L
形,h,je,ŋ,혀ᇰ,L
型,h,je,ŋ,혀ᇰ,L
刑,h,je,ŋ,혀ᇰ,L
硎,h,je,ŋ,혀ᇰ,L
脛,h,je,ŋ,혀ᇰ,R
脛,k,je,ŋ,겨ᇰ,R
壁,p,je,k,벽,H
霹,p,je,k,벽,H
的,t,je,k,뎍,H
滴,t,je,k,뎍,H
嫡,t,je,k,뎍,H
歷,r,je,k,력,H
曆,r,je,k,력,H
績,ts,je,k,젹,H
勣,ts,je,k,젹,H
擊,k,je,k,격,H
覡,h,je,k,혁,H
鷁,,i,r,일,H
裼,tʰ,je,k,텩,H
甓,p,je,k,벽,H
適,t,je,k,뎍,H
鏑,t,je,k,뎍,H
靮,t,je,k,뎍,H
蹢,t,je,k,뎍,H
菂,t,je,k,뎍,H
惕,tʰ,je,k,텩,H
趯,tʰ,je,k,텩,H
笛,t,je,k,뎍,H
敵,t,je,k,뎍,H
狄,t,je,k,뎍,H
糴,t,je,k,뎍,H
荻,t,je,k,뎍,H
覿,t,je,k,뎍,H
翟,t,je,k,뎍,H
滌,tʰ,je,k,텩,H
癧,r,je,k,력,H
櫪,r,je,k,력,H
靂,r,je,k,력,H
戚,tsʰ,je,k,쳑,H
慼,tsʰ,je,k,쳑,H
鏚,tsʰ,je,k,쳑,H
寂,ts,je,k,젹,H
錫,s,je,k,셕,H
析,s,je,k,셕,H
皙,s,je,k,셕,H
淅,s,je,k,셕,H
蜥,s,je,k,셕,H
激,k,je,k,격,H
墼,k,je,k,격,H
覡,k,je,k,격,H
笛,t,je,h,뎧,
櫟,r,ɨ,k,륵,H
礫,r,ɨ,k,륵,H
丁,t,i,ŋ,디ᇰ,L
頂,t,i,ŋ,디ᇰ,R
青,tsʰ,i,ŋ,치ᇰ,
笛,t,i,k,딕,L
溺,n,i,k,닉,H
溺,r,i,k,릭,H
喫,k,i,k,긱,H
鷁,,əi,k,ᄋᆡᆨ,H
的,t,i,,디,
扃,k,je,ŋ,겨ᇰ,L
螢,h,je,ŋ,혀ᇰ,L
滎,h,je,ŋ,혀ᇰ,L
滎,,je,ŋ,여ᇰ,L
絅,h,je,ŋ,혀ᇰ,R
炯,h,je,ŋ,혀ᇰ,R
蓬,p,o,ŋ,보ᇰ,L
篷,p,o,ŋ,보ᇰ,L
蒙,m,o,ŋ,모ᇰ,L
矇,m,o,ŋ,모ᇰ,L
蠓,m,o,ŋ,모ᇰ,L
懜,m,o,ŋ,모ᇰ,R
東,t,o,ŋ,도ᇰ,L
董,t,o,ŋ,도ᇰ,R
蝀,t,o,ŋ,도ᇰ,R
凍,t,o,ŋ,도ᇰ,R
棟,t,o,ŋ,도ᇰ,R
湩,t,o,ŋ,도ᇰ,R
通,tʰ,o,ŋ,토ᇰ,L
侗,tʰ,o,ŋ,토ᇰ,L
桶,tʰ,o,ŋ,토ᇰ,H
痛,tʰ,o,ŋ,토ᇰ,R/L
同,t,o,ŋ,도ᇰ,L
銅,t,o,ŋ,도ᇰ,L
桐,t,o,ŋ,도ᇰ,L
筒,t,o,ŋ,도ᇰ,L
童,t,o,ŋ,도ᇰ,L
瞳,t,o,ŋ,도ᇰ,L
僮,t,o,ŋ,도ᇰ,L
動,t,o,ŋ,도ᇰ,R
洞,t,o,ŋ,도ᇰ,R
洞,tʰ,o,ŋ,토ᇰ,
峒,t,o,ŋ,도ᇰ,R
衕,t,o,ŋ,도ᇰ,R
慟,tʰ,o,ŋ,토ᇰ,R
齈,n,o,ŋ,노ᇰ,L
弄,r,o,ŋ,로ᇰ,R
聾,r,o,ŋ,로ᇰ,L
槞,r,o,ŋ,로ᇰ,L
嚨,r,o,ŋ,로ᇰ,L
竉,r,o,ŋ,로ᇰ,R
籠,r,o,ŋ,로ᇰ,R
騣,ts,o,ŋ,조ᇰ,L
鬉,ts,o,ŋ,조ᇰ,L
總,tsʰ,o,ŋ,초ᇰ,L
聰,tsʰ,o,ŋ,초ᇰ,L
葱,tsʰ,o,ŋ,초ᇰ,L
囱,tsʰ,o,ŋ,초ᇰ,L
叢,tsʰ,o,ŋ,초ᇰ,L
送,s,o,ŋ,소ᇰ,L
公,k,o,ŋ,고ᇰ,L
蚣,k,o,ŋ,고ᇰ,L
工,k,o,ŋ,고ᇰ,L
功,k,o,ŋ,고ᇰ,L
貢,k,o,ŋ,고ᇰ,R
空,k,o,ŋ,고ᇰ,L
箜,k,o,ŋ,고ᇰ,
悾,k,o,ŋ,고ᇰ,L
孔,k,o,ŋ,고ᇰ,H
鞚,k,o,ŋ,고ᇰ,R
紅,h,o,ŋ,호ᇰ,L
洪,h,o,ŋ,호ᇰ,L
鴻,h,o,ŋ,호ᇰ,L
虹,h,o,ŋ,호ᇰ,L
烘,h,o,ŋ,호ᇰ,L
篊,h,o,ŋ,호ᇰ,L
葒,h,o,ŋ,호ᇰ,L
汞,h,o,ŋ,호ᇰ,R
鬨,h,o,ŋ,호ᇰ,R
翁,,o,ŋ,오ᇰ,L
螉,,o,ŋ,오ᇰ,L
塕,,o,ŋ,오ᇰ,R
甕,,o,ŋ,오ᇰ,R
齆,,o,ŋ,오ᇰ,R
卜,p,o,k,복,H
醭,p,o,k,복,H
扑,p,o,k,복,H
僕,p,o,k,복,H
木,m,o,k,목,H
沐,m,o,k,목,H
鶩,m,o,k,목,H
禿,t,o,k,독,H
鵚,t,o,k,독,H
獨,t,o,k,독,H
讀,t,o,k,독,H
牘,t,o,k,독,H
犢,t,o,k,독,H
涜,t,o,k,독,H
髑,t,o,k,독,H
匵,t,o,k,독,H
櫝,t,o,k,독,H
讟,t,o,k,독,H
瀆,t,o,k,독,H
韣,t,o,k,독,
鹿,r,o,k,록,H
祿,r,o,k,록,H
麓,r,o,k,록,H
漉,r,o,k,록,H
磟,r,o,k,록,H
簏,r,o,k,록,L
鏃,ts,o,k,족,H
族,ts,o,k,족,H
速,s,o,k,속,H
餗,s,o,k,속,H
穀,k,o,k,곡,H
谷,k,o,k,곡,H
轂,k,o,k,곡,H
斛,k,o,k,곡,H
槲,k,o,k,곡,H
屋,,o,k,옥,H
銅,tʰ,u,ŋ,투ᇰ,L
洞,tʰ,u,ŋ,투ᇰ,L
木,m,u,,무,
冬,t,o,ŋ,도ᇰ,L
疼,t,o,ŋ,도ᇰ,L
彤,t,o,ŋ,도ᇰ,L
統,tʰ,o,ŋ,토ᇰ,R
農,n,o,ŋ,노ᇰ,L
農,r,o,ŋ,로ᇰ,L
膿,n,o,ŋ,노ᇰ,L
宗,ts,o,ŋ,조ᇰ,L
綜,ts,o,ŋ,조ᇰ,R
宋,s,o,ŋ,소ᇰ,R
攻,k,o,ŋ,고ᇰ,L
篤,t,o,k,독,H
毒,t,o,k,독,H
纛,t,o,k,독,H
碡,t,o,k,독,H
耨,n,o,k,녹,H
告,k,o,k,곡,H
梏,k,o,k,곡,H
酷,h,o,k,혹,H
鵠,k,o,k,곡,H
沃,,o,k,옥,H
鋈,,o,k,옥,H
纛,t,u,k,둑,H
隆,r,ju,ŋ,류ᇰ,L
癃,r,ju,ŋ,류ᇰ,
窿,r,ju,ŋ,류ᇰ,L
嵩,s,ju,ŋ,슈ᇰ,L
中,t,ju,ŋ,듀ᇰ,L
忠,tʰ,ju,ŋ,튜ᇰ,L
衷,tʰ,ju,ŋ,튜ᇰ,L
中,t,ju,ŋ,듀ᇰ,R
蟲,tʰ,ju,ŋ,튜ᇰ,L
沖,tʰ,ju,ŋ,튜ᇰ,L
翀,tʰ,ju,ŋ,튜ᇰ,L
仲,t,ju,ŋ,듀ᇰ,R
蚛,t,ju,ŋ,듀ᇰ,R
崇,s,ju,ŋ,슈ᇰ,L
眾,ts,ju,ŋ,쥬ᇰ,R
充,tsʰ,ju,ŋ,츄ᇰ,L
茺,tsʰ,ju,ŋ,츄ᇰ,L
銃,tsʰ,ju,ŋ,츄ᇰ,L
戎,z,ju,ŋ,ᅀᅲᇰ,L
融,r,ju,ŋ,류ᇰ,L
六,r,ju,k,륙,H
陸,r,ju,k,륙,H
僇,r,ju,k,륙,H
蓼,r,ju,k,륙,H
戮,r,ju,k,륙,H
踧,tsʰ,ju,k,츅,H
肅,s,ju,k,슉,H
宿,s,ju,k,슉,H
竹,t,ju,k,듁,H
築,tʰ,ju,k,튝,H
竺,tʰ,ju,k,튝,H
畜,tʰ,ju,k,튝,H
逐,tʰ,ju,k,튝,H
軸,tʰ,ju,k,튝,H
柚,tʰ,ju,k,튝,H
舳,tʰ,ju,k,튝,H
妯,tʰ,ju,k,튝,H
祝,tsʰ,ju,k,츅,H
叔,s,ju,k,슉,H
菽,s,ju,k,슉,H
倏,s,ju,k,슉,
熟,s,ju,k,슉,H
畜,h,ju,k,휵,H
鬻,r,ju,k,륙,H
鬻,,ju,k,육,H
育,,ju,k,육,H
縮,tsʰ,ju,k,츅,H
蹜,tsʰ,ju,k,츅,H
昱,,u,k,욱,
淑,s,ju,k,슉,H
孰,s,ju,k,슉,H
塾,s,ju,k,슉,H
肉,z,ju,k,ᅀᅲᆨ,H
風,pʰ,u,ŋ,푸ᇰ,L
楓,pʰ,u,ŋ,푸ᇰ,L
諷,pʰ,u,ŋ,푸ᇰ,R
風,pʰ,u,ŋ,푸ᇰ,R
豐,pʰ,u,ŋ,푸ᇰ,L
馮,pʰ,u,ŋ,푸ᇰ,L
弓,k,u,ŋ,구ᇰ,L
躬,k,u,ŋ,구ᇰ,L
宮,k,u,ŋ,구ᇰ,L
芎,k,u,ŋ,구ᇰ,
穹,k,u,ŋ,구ᇰ,L
窮,k,u,ŋ,구ᇰ,L
熊,,u,ŋ,우ᇰ,L
雄,,u,ŋ,우ᇰ,L
菊,k,u,k,국,H
掬,k,u,k,국,L
鞠,k,u,k,국,H
鵴,k,u,k,국,H
麴,k,u,k,국,H
郁,,u,k,욱,H
栯,,u,k,욱,H
澳,,u,k,욱,H
懊,,u,k,욱,H
昱,,u,k,욱,
鳳,p,o,ŋ,보ᇰ,R
夢,m,o,ŋ,모ᇰ,R
福,p,o,k,복,H
幅,p,o,k,복,H
蝠,p,o,k,복,H
腹,p,o,k,복,H
輻,p,o,k,복,H
覆,p,o,k,복,H
蝮,p,o,k,복,H
服,p,o,k,복,H
伏,p,o,k,복,H
復,p,o,k,복,H
馥,p,o,k,복,H
鵩,p,o,k,복,H
茯,p,o,k,복,H
目,m,o,k,목,H
穆,m,o,k,목,H
睦,m,o,k,목,H
繆,m,o,k,목,H
苜,m,o,k,목,H
牧,m,o,k,목,H
菘,s,jo,ŋ,쇼ᇰ,L
終,ts,jo,ŋ,죠ᇰ,L
螽,ts,jo,ŋ,죠ᇰ,L
肜,,jo,ŋ,요ᇰ,L
矗,tʰ,jo,k,툑,
